2,2022-03-01 06:51:33,2022-03-01 07:17:17,1.0,4.48,1.0,N,166,140,2,19.5,0.0,0.5,0.0,0.0,0.3,22.8,2.5,0.0
2,2022-03-01 06:51:36,2022-03-01 06:56:12,1.0,1.13,1.0,N,90,100,1,5.5,0.0,0.5,1.76,0.0,0.3,10.56,2.5,0.0
1,2022-03-01 06:51:38,2022-03-01 06:54:22,1.0,1.0,1.0,N,79,137,1,5.0,2.5,0.5,1.66,0.0,0.3,9.96,2.5,0.0
1,2022-03-01 06:51:39,2022-03-01 07:24:32,1.0,12.9,1.0,N,138,230,1,37.5,3.75,0.5,11.0,6.55,0.3,59.6,2.5,1.25
2,2022-03-01 06:51:39,2022-03-01 06:59:11,1.0,1.94,1.0,N,90,142,1,8.0,0.0,0.5,1.13,0.0,0.3,12.43,2.5,0.0
2,2022-03-01 06:51:39,2022-03-01 06:59:21,1.0,2.75,1.0,N,107,141,1,9.5,0.0,0.5,2.56,0.0,0.3,15.36,2.5,0.0
2,2022-03-01 06:51:40,2022-03-01 07:03:21,1.0,2.01,1.0,N,107,68,1,10.0,0.0,0.5,3.33,0.0,0.3,16.63,2.5,0.0
2,2022-03-01 06:51:41,2022-03-01 07:14:25,1.0,12.04,1.0,N,140,254,1,34.5,0.0,0.5,5.0,0.0,0.3,42.8,2.5,0.0
1,2022-03-01 06:51:42,2022-03-01 07:02:31,1.0,2.4,1.0,N,229,234,1,10.0,2.5,0.5,1.0,0.0,0.3,14.3,2.5,0.0
2,2022-03-01 06:51:43,2022-03-01 06:53:39,1.0,0.77,1.0,N,237,236,2,4.0,0.0,0.5,0.0,0.0,0.3,7.3,2.5,0.0
2,2022-03-01 06:51:43,2022-03-01 06:55:48,1.0,0.85,1.0,N,100,48,1,5.0,0.0,0.5,2.08,0.0,0.3,10.38,2.5,0.0
2,2022-03-01 06:51:44,2022-03-01 06:59:05,1.0,1.84,1.0,N,238,143,1,8.0,0.0,0.5,1.13,0.0,0.3,12.43,2.5,0.0
2,2022-03-01 06:51:44,2022-03-01 07:01:27,1.0,1.73,1.0,N,100,162,1,9.0,0.0,0.5,1.1,0.0,0.3,13.4,2.5,0.0
2,2022-03-01 06:51:45,2022-03-01 06:59:29,1.0,2.54,1.0,N,170,236,1,9.0,0.0,0.5,2.46,0.0,0.3,14.76,2.5,0.0
2,2022-03-01 06:51:46,2022-03-01 06:54:29,1.0,1.01,1.0,N,262,140,1,5.0,0.0,0.5,1.66,0.0,0.3,9.96,2.5,0.0
2,2022-03-01 06:51:47,2022-03-01 07:43:49,1.0,17.55,2.0,N,132,48,2,52.0,0.0,0.5,0.0,6.55,0.3,61.85,2.5,0.0
2,2022-03-01 06:51:49,2022-03-01 07:43:29,2.0,18.56,2.0,N,132,236,1,52.0,0.0,0.5,0.1,6.55,0.3,63.2,2.5,1.25
2,2022-03-01 06:51:49,2022-03-01 07:46:11,1.0,16.31,1.0,N,132,89,1,52.0,0.0,0.5,13.51,0.0,0.3,67.56,0.0,1.25
1,2022-03-01 06:51:50,2022-03-01 07:00:40,1.0,2.4,1.0,N,236,230,1,9.5,2.5,0.5,1.92,0.0,0.3,14.72,2.5,0.0
1,2022-03-01 06:51:50,2022-03-01 07:53:14,1.0,18.4,2.0,N,132,246,1,52.0,3.75,0.5,12.6,6.55,0.3,75.7,2.5,1.25
1,2022-03-01 06:51:50,2022-03-01 07:00:26,2.0,3.7,1.0,N,132,216,1,12.0,1.25,0.5,5.0,0.0,0.3,19.05,0.0,1.25
1,2022-03-01 06:51:51,2022-03-01 06:58:04,1.0,1.5,1.0,N,90,170,1,7.0,2.5,0.5,2.05,0.0,0.3,12.35,2.5,0.0
2,2022-03-01 06:51:52,2022-03-01 07:03:02,1.0,1.98,1.0,N,166,74,1,10.0,0.0,0.5,3.24,0.0,0.3,14.04,0.0,0.0
2,2022-03-01 06:51:53,2022-03-01 07:05:08,1.0,3.55,1.0,N,13,186,1,13.0,0.0,0.5,3.26,0.0,0.3,19.56,2.5,0.0
2,2022-03-01 06:51:57,2022-03-01 06:59:39,2.0,1.06,1.0,N,50,170,1,7.0,0.0,0.5,2.5,0.0,0.3,12.8,2.5,0.0
1,2022-03-01 06:51:57,2022-03-01 07:08:09,1.0,3.1,1.0,N,151,140,1,11.5,2.5,0.5,2.95,0.0,0.3,17.75,2.5,0.0
2,2022-03-01 06:51:59,2022-03-01 07:06:34,1.0,2.17,1.0,N,263,263,1,11.5,0.0,0.5,2.96,0.0,0.3,17.76,2.5,0.0
1,2022-03-01 06:51:59,2022-03-01 07:56:17,1.0,29.0,2.0,N,132,231,1,52.0,3.75,0.5,10.0,13.1,0.3,79.65,2.5,1.25
1,2022-03-01 06:51:59,2022-03-01 06:57:14,1.0,0.7,1.0,Y,186,164,1,5.0,2.5,0.5,1.66,0.0,0.3,9.96,2.5,0.0
1,2022-03-01 06:51:59,2022-03-01 07:12:43,1.0,6.8,1.0,N,151,13,1,21.0,2.5,0.5,4.85,0.0,0.3,29.15,2.5,0.0
2,2022-03-01 06:51:59,2022-03-01 07:00:05,1.0,1.51,1.0,N,170,141,1,7.5,0.0,0.5,2.16,0.0,0.3,12.96,2.5,0.0
2,2022-03-01 06:52:00,2022-03-01 07:04:00,,1.97,,,233,68,0,10.87,0.0,0.5,3.54,0.0,0.3,17.71,,
2,2022-03-01 06:52:00,2022-03-01 07:30:26,1.0,11.06,1.0,N,132,157,1,36.0,0.0,0.5,7.61,0.0,0.3,45.66,0.0,1.25
2,2022-03-01 06:52:01,2022-03-01 06:56:36,1.0,0.64,1.0,N,239,142,1,5.0,0.0,0.5,1.66,0.0,0.3,9.96,2.5,0.0
1,2022-03-01 06:52:02,2022-03-01 06:56:51,1.0,1.0,1.0,N,151,239,2,6.0,2.5,0.5,0.0,0.0,0.3,9.3,2.5,0.0
2,2022-03-01 06:52:07,2022-03-01 07:03:45,6.0,3.56,1.0,N,231,161,1,12.5,0.0,0.5,3.16,0.0,0.3,18.96,2.5,0.0
1,2022-03-01 06:52:09,2022-03-01 06:59:53,1.0,2.5,1.0,N,263,162,1,9.0,2.5,0.5,2.45,0.0,0.3,14.75,2.5,0.0
2,2022-03-01 06:52:10,2022-03-01 07:06:47,1.0,2.25,1.0,N,263,163,1,11.5,0.0,0.5,2.96,0.0,0.3,17.76,2.5,0.0
1,2022-03-01 06:52:15,2022-03-01 06:56:54,1.0,0.8,1.0,N,137,107,1,5.5,2.5,0.5,2.2,0.0,0.3,11.0,2.5,0.0
2,2022-03-01 06:52:15,2022-03-01 07:13:58,1.0,6.34,1.0,N,226,65,1,20.5,0.0,0.5,3.2,0.0,0.3,24.5,0.0,0.0
2,2022-03-01 06:52:15,2022-03-01 07:00:50,1.0,3.54,1.0,N,132,216,1,11.5,0.0,0.5,0.0,0.0,0.3,13.55,0.0,1.25
2,2022-03-01 06:52:16,2022-03-01 07:41:44,1.0,10.33,1.0,N,132,225,1,38.5,0.0,0.5,2.0,0.0,0.3,42.55,0.0,1.25
1,2022-03-01 06:52:16,2022-03-01 06:59:56,1.0,2.1,1.0,N,236,163,1,8.5,2.5,0.5,2.35,0.0,0.3,14.15,2.5,0.0
1,2022-03-01 06:52:19,2022-03-01 07:14:38,1.0,5.2,1.0,N,238,137,1,19.5,2.5,0.5,0.0,0.0,0.3,22.8,2.5,0.0
2,2022-03-01 06:52:19,2022-03-01 06:53:53,1.0,0.57,1.0,N,43,43,1,3.5,0.0,0.5,0.64,0.0,0.3,4.94,0.0,0.0
2,2022-03-01 06:52:19,2022-03-01 06:58:57,1.0,1.29,1.0,N,246,230,2,6.5,0.0,0.5,0.0,0.0,0.3,9.8,2.5,0.0
2,2022-03-01 06:52:23,2022-03-01 06:54:01,1.0,0.48,1.0,N,170,170,1,3.5,0.0,0.5,1.36,0.0,0.3,8.16,2.5,0.0
2,2022-03-01 06:52:23,2022-03-01 07:06:43,1.0,7.22,1.0,N,262,138,1,22.0,0.0,0.5,6.37,6.55,0.3,38.22,2.5,0.0
2,2022-03-01 06:52:29,2022-03-01 06:58:52,3.0,1.16,1.0,N,100,161,2,6.5,0.0,0.5,0.0,0.0,0.3,9.8,2.5,0.0
2,2022-03-01 06:52:30,2022-03-01 07:05:29,1.0,2.56,1.0,N,48,236,1,11.5,0.0,0.5,2.96,0.0,0.3,17.76,2.5,0.0
2,2022-03-01 06:52:31,2022-03-01 07:03:34,6.0,2.54,1.0,N,263,142,1,10.5,0.0,0.5,2.76,0.0,0.3,16.56,2.5,0.0
2,2022-03-01 06:52:31,2022-03-01 07:13:12,1.0,8.87,1.0,N,162,244,2,27.5,0.0,0.5,0.0,0.0,0.3,30.8,2.5,0.0
2,2022-03-01 06:52:32,2022-03-01 06:52:39,1.0,0.04,1.0,N,132,132,2,2.5,0.0,0.5,0.0,0.0,0.3,4.55,0.0,1.25
2,2022-03-01 06:52:33,2022-03-01 07:00:47,1.0,2.1,1.0,N,114,68,1,8.5,0.0,0.5,1.77,0.0,0.3,13.57,2.5,0.0
2,2022-03-01 06:52:35,2022-03-01 07:05:28,1.0,2.85,1.0,N,48,238,1,12.0,0.0,0.5,1.5,0.0,0.3,16.8,2.5,0.0
2,2022-03-01 06:52:35,2022-03-01 07:41:29,1.0,16.7,2.0,N,132,107,1,52.0,0.0,0.5,5.0,6.55,0.3,68.1,2.5,1.25
2,2022-03-01 06:52:37,2022-03-01 07:00:49,6.0,1.84,1.0,N,141,161,1,8.0,0.0,0.5,2.26,0.0,0.3,13.56,2.5,0.0
2,2022-03-01 06:52:41,2022-03-01 07:11:47,1.0,7.09,1.0,N,137,42,1,22.5,0.0,0.5,5.0,0.0,0.3,30.8,2.5,0.0
2,2022-03-01 06:52:41,2022-03-01 07:05:01,1.0,4.16,1.0,N,262,4,1,14.5,0.0,0.5,2.5,0.0,0.3,20.3,2.5,0.0
1,2022-03-01 06:52:43,2022-03-01 06:58:54,1.0,1.1,1.0,N,161,170,1,6.5,2.5,0.5,1.47,0.0,0.3,11.27,2.5,0.0
1,2022-03-01 06:52:43,2022-03-01 06:56:52,1.0,0.9,1.0,N,236,239,1,5.5,2.5,0.5,0.0,0.0,0.3,8.8,2.5,0.0
2,2022-03-01 06:52:46,2022-03-01 07:03:21,,2.51,,,238,74,0,10.99,0.0,0.5,0.67,0.0,0.3,12.46,,
1,2022-03-01 06:52:47,2022-03-01 07:04:08,1.0,1.7,1.0,N,161,50,1,9.5,2.5,0.5,2.0,0.0,0.3,14.8,2.5,0.0
2,2022-03-01 06:52:47,2022-03-01 07:19:37,3.0,17.36,3.0,N,230,1,2,64.0,0.0,0.0,0.0,13.75,0.3,79.3,0.0,1.25
1,2022-03-01 06:52:48,2022-03-01 06:58:07,1.0,0.6,1.0,N,186,246,1,5.0,2.5,0.5,2.0,0.0,0.3,10.3,2.5,0.0
2,2022-03-01 06:52:51,2022-03-01 07:10:05,5.0,3.38,1.0,N,237,246,1,14.0,0.0,0.5,4.32,0.0,0.3,21.62,2.5,0.0
1,2022-03-01 06:52:52,2022-03-01 06:57:27,0.0,1.4,1.0,N,50,239,1,6.0,2.5,0.5,0.93,0.0,0.3,10.23,2.5,0.0
2,2022-03-01 06:52:54,2022-03-01 07:03:42,1.0,1.94,1.0,N,141,75,1,9.0,0.0,0.5,2.46,0.0,0.3,14.76,2.5,0.0
2,2022-03-01 06:52:54,2022-03-01 07:11:05,1.0,8.12,1.0,N,141,13,1,25.5,0.0,0.5,4.32,0.0,0.3,33.12,2.5,0.0
2,2022-03-01 06:52:55,2022-03-01 06:57:38,1.0,0.8,1.0,N,237,237,1,5.5,0.0,0.5,2.64,0.0,0.3,11.44,2.5,0.0
2,2022-03-01 06:52:56,2022-03-01 06:56:21,1.0,1.13,1.0,N,239,142,1,5.5,0.0,0.5,1.76,0.0,0.3,10.56,2.5,0.0
2,2022-03-01 06:52:57,2022-03-01 06:59:54,1.0,1.72,1.0,N,79,234,1,7.5,0.0,0.5,2.16,0.0,0.3,12.96,2.5,0.0
1,2022-03-01 06:52:57,2022-03-01 07:23:49,2.0,17.1,2.0,N,164,132,1,52.0,2.5,0.5,12.35,6.55,0.3,74.2,2.5,0.0
2,2022-03-01 06:52:58,2022-03-01 06:59:50,1.0,1.51,1.0,N,162,263,2,7.0,0.0,0.5,0.0,0.0,0.3,10.3,2.5,0.0
1,2022-03-01 06:52:59,2022-03-01 06:57:48,1.0,1.1,1.0,N,231,114,2,5.5,2.5,0.5,0.0,0.0,0.3,8.8,2.5,0.0
2,2022-03-01 06:53:00,2022-03-01 08:04:18,1.0,19.99,2.0,N,132,143,1,52.0,0.0,0.5,15.78,6.55,0.3,78.88,2.5,1.25
2,2022-03-01 06:53:02,2022-03-01 07:00:47,1.0,2.16,1.0,N,236,162,1,8.5,0.0,0.5,1.77,0.0,0.3,13.57,2.5,0.0
2,2022-03-01 06:53:03,2022-03-01 06:56:56,6.0,0.97,1.0,N,230,48,1,5.0,0.0,0.5,1.66,0.0,0.3,9.96,2.5,0.0
2,2022-03-01 06:53:04,2022-03-01 06:58:58,1.0,0.95,1.0,N,236,43,2,6.0,0.0,0.5,0.0,0.0,0.3,9.3,2.5,0.0
2,2022-03-01 06:53:04,2022-03-01 07:35:19,1.0,16.87,2.0,N,132,137,1,52.0,0.0,0.5,12.37,6.55,0.3,75.47,2.5,1.25
1,2022-03-01 06:53:05,2022-03-01 07:02:29,1.0,1.3,1.0,N,68,161,1,8.0,2.5,0.5,2.25,0.0,0.3,13.55,2.5,0.0
2,2022-03-01 06:53:06,2022-03-01 07:13:17,1.0,5.81,1.0,N,74,213,2,21.0,0.0,0.5,0.0,0.0,0.3,21.8,0.0,0.0
2,2022-03-01 06:53:06,2022-03-01 07:34:52,1.0,11.66,1.0,N,132,62,1,38.5,0.0,0.5,7.86,0.0,0.3,48.41,0.0,1.25
2,2022-03-01 06:53:06,2022-03-01 06:58:30,1.0,1.32,1.0,N,170,161,1,6.0,0.0,0.5,1.86,0.0,0.3,11.16,2.5,0.0
1,2022-03-01 06:53:07,2022-03-01 06:53:31,1.0,0.0,4.0,N,132,132,3,0.0,0.0,0.5,0.0,0.0,0.3,0.8,0.0,0.0
2,2022-03-01 06:53:07,2022-03-01 06:56:30,1.0,0.83,1.0,N,107,137,2,5.0,0.0,0.5,0.0,0.0,0.3,8.3,2.5,0.0
2,2022-03-01 06:53:07,2022-03-01 07:01:59,1.0,1.41,1.0,N,186,137,1,7.5,0.0,0.5,2.0,0.0,0.3,12.8,2.5,0.0
1,2022-03-01 06:53:09,2022-03-01 06:58:00,1.0,0.8,1.0,N,140,263,1,5.5,2.5,0.5,2.2,0.0,0.3,11.0,2.5,0.0
1,2022-03-01 06:53:10,2022-03-01 06:58:49,1.0,1.2,1.0,N,100,161,1,6.0,2.5,0.5,1.0,0.0,0.3,10.3,2.5,0.0
1,2022-03-01 06:53:10,2022-03-01 07:00:55,1.0,1.1,1.0,N,151,75,1,7.0,0.0,0.5,1.0,0.0,0.3,8.8,0.0,0.0
2,2022-03-01 06:53:11,2022-03-01 07:06:59,1.0,3.73,1.0,N,70,7,2,14.0,0.0,0.5,0.0,0.0,0.3,16.05,0.0,1.25
2,2022-03-01 06:53:12,2022-03-01 07:06:46,1.0,2.51,1.0,N,141,186,1,11.0,0.0,0.5,1.43,0.0,0.3,15.73,2.5,0.0
2,2022-03-01 06:53:13,2022-03-01 06:59:36,1.0,1.5,1.0,N,239,50,1,7.0,0.0,0.5,2.06,0.0,0.3,12.36,2.5,0.0
2,2022-03-01 06:53:15,2022-03-01 07:30:41,1.0,10.98,1.0,N,132,73,2,34.5,0.0,0.5,0.0,0.0,0.3,36.55,0.0,1.25
2,2022-03-01 06:53:18,2022-03-01 07:07:02,1.0,2.25,1.0,N,75,42,2,11.0,0.0,0.5,0.0,0.0,0.3,11.8,0.0,0.0
1,2022-03-01 06:53:19,2022-03-01 07:51:33,1.0,24.0,1.0,N,132,227,1,69.5,1.25,0.5,5.45,0.0,0.3,77.0,0.0,1.25
2,2022-03-01 06:53:23,2022-03-01 07:01:16,1.0,1.56,1.0,N,186,107,1,7.5,0.0,0.5,1.75,0.0,0.3,12.55,2.5,0.0
2,2022-03-01 06:53:23,2022-03-01 06:59:52,2.0,1.5,1.0,N,75,140,2,6.5,0.0,0.5,0.0,0.0,0.3,9.8,2.5,0.0
2,2022-03-01 06:53:24,2022-03-01 07:49:13,1.0,20.4,2.0,N,132,244,1,52.0,0.0,0.5,11.87,6.55,0.3,72.47,0.0,1.25
2,2022-03-01 06:53:24,2022-03-01 06:55:57,1.0,0.58,1.0,N,237,141,2,4.0,0.0,0.5,0.0,0.0,0.3,7.3,2.5,0.0
1,2022-03-01 06:53:24,2022-03-01 06:55:18,1.0,0.5,1.0,N,43,236,1,4.0,0.0,0.5,2.0,0.0,0.3,6.8,0.0,0.0
1,2022-03-01 06:53:28,2022-03-01 07:46:17,1.0,16.8,2.0,N,132,164,1,52.0,3.75,0.5,12.6,6.55,0.3,75.7,2.5,1.25
1,2022-03-01 06:53:29,2022-03-01 06:59:09,1.0,1.5,1.0,N,249,230,1,6.5,2.5,0.5,1.0,0.0,0.3,10.8,2.5,0.0
2,2022-03-01 06:53:29,2022-03-01 06:56:30,1.0,0.63,1.0,N,239,239,1,4.0,0.0,0.5,2.19,0.0,0.3,9.49,2.5,0.0
1,2022-03-01 06:53:29,2022-03-01 06:58:37,,1.9,,,236,162,0,7.5,0.0,0.5,2.16,0.0,0.3,12.96,,
1,2022-03-01 06:53:30,2022-03-01 07:02:48,1.0,2.5,1.0,N,249,161,1,10.0,2.5,0.5,1.3,0.0,0.3,14.6,2.5,0.0
2,2022-03-01 06:53:31,2022-03-01 06:57:43,1.0,0.74,1.0,N,236,262,2,5.0,0.0,0.5,0.0,0.0,0.3,8.3,2.5,0.0
2,2022-03-01 06:53:31,2022-03-01 07:01:01,1.0,3.97,1.0,N,263,137,1,12.5,0.0,0.5,1.0,0.0,0.3,16.8,2.5,0.0
2,2022-03-01 06:53:33,2022-03-01 06:56:34,1.0,0.52,1.0,N,140,263,1,4.0,0.0,0.5,1.0,0.0,0.3,8.3,2.5,0.0
2,2022-03-01 06:53:33,2022-03-01 07:08:09,1.0,6.33,1.0,N,162,231,1,20.5,0.0,0.5,4.66,0.0,0.3,28.46,2.5,0.0
1,2022-03-01 06:53:33,2022-03-01 07:09:02,1.0,4.3,1.0,N,79,263,1,14.5,2.5,0.5,3.55,0.0,0.3,21.35,2.5,0.0
2,2022-03-01 06:53:36,2022-03-01 06:58:10,1.0,0.84,1.0,N,161,161,1,5.0,0.0,0.5,1.24,0.0,0.3,9.54,2.5,0.0
2,2022-03-01 06:53:36,2022-03-01 06:56:10,1.0,0.34,1.0,N,237,236,1,3.5,0.0,0.5,1.5,0.0,0.3,8.3,2.5,0.0
1,2022-03-01 06:53:37,2022-03-01 07:05:11,1.0,1.8,1.0,N,143,43,1,10.0,2.5,0.5,2.0,0.0,0.3,15.3,2.5,0.0
2,2022-03-01 06:53:37,2022-03-01 06:58:06,1.0,1.54,1.0,N,229,263,1,6.5,0.0,0.5,1.0,0.0,0.3,10.8,2.5,0.0
1,2022-03-01 06:53:39,2022-03-01 07:06:36,1.0,2.0,1.0,N,50,161,1,10.5,2.5,0.5,2.5,0.0,0.3,16.3,2.5,0.0
2,2022-03-01 06:53:39,2022-03-01 06:59:24,4.0,0.92,1.0,N,262,236,2,6.0,0.0,0.5,0.0,0.0,0.3,9.3,2.5,0.0
2,2022-03-01 06:53:40,2022-03-01 07:03:17,1.0,2.93,1.0,N,238,68,1,10.5,0.0,0.5,2.76,0.0,0.3,16.56,2.5,0.0
1,2022-03-01 06:53:41,2022-03-01 08:06:05,1.0,17.6,2.0,N,132,202,1,52.0,1.25,0.5,5.0,0.0,0.3,59.05,0.0,1.25
2,2022-03-01 06:53:44,2022-03-01 06:56:28,1.0,0.84,1.0,N,170,107,2,4.5,0.0,0.5,0.0,0.0,0.3,7.8,2.5,0.0
2,2022-03-01 06:53:45,2022-03-01 06:56:13,1.0,0.78,1.0,N,263,236,2,4.5,0.0,0.5,0.0,0.0,0.3,7.8,2.5,0.0
2,2022-03-01 06:53:46,2022-03-01 07:06:07,1.0,2.64,1.0,N,186,4,1,11.0,0.0,0.5,4.29,0.0,0.3,18.59,2.5,0.0
2,2022-03-01 06:53:47,2022-03-01 07:03:27,2.0,2.77,1.0,N,107,140,2,10.5,0.0,0.5,0.0,0.0,0.3,13.8,2.5,0.0
2,2022-03-01 06:53:47,2022-03-01 06:57:39,1.0,0.66,1.0,N,140,264,1,4.5,0.0,0.5,1.17,0.0,0.3,8.97,2.5,0.0
2,2022-03-01 06:53:49,2022-03-01 07:02:33,1.0,2.53,1.0,N,239,100,1,10.0,0.0,0.5,2.66,0.0,0.3,15.96,2.5,0.0
2,2022-03-01 06:53:50,2022-03-01 07:01:13,1.0,1.38,1.0,N,164,246,2,7.0,0.0,0.5,0.0,0.0,0.3,10.3,2.5,0.0
2,2022-03-01 06:53:51,2022-03-01 07:00:36,6.0,1.13,1.0,N,137,186,1,6.5,0.0,0.5,2.94,0.0,0.3,12.74,2.5,0.0
2,2022-03-01 06:53:55,2022-03-01 06:59:52,1.0,1.26,1.0,N,100,161,1,6.5,0.0,0.5,2.45,0.0,0.3,12.25,2.5,0.0
2,2022-03-01 06:53:55,2022-03-01 07:06:55,1.0,3.06,1.0,N,140,41,1,12.0,0.0,0.5,3.06,0.0,0.3,18.36,2.5,0.0
1,2022-03-01 06:53:57,2022-03-01 07:07:51,1.0,4.0,1.0,N,263,68,1,14.0,2.5,0.5,3.45,0.0,0.3,20.75,2.5,0.0
2,2022-03-01 06:53:57,2022-03-01 08:23:11,1.0,20.41,2.0,N,132,75,1,52.0,0.0,0.5,7.0,6.55,0.3,67.6,0.0,1.25
2,2022-03-01 06:54:00,2022-03-01 07:07:00,,7.23,,,75,45,0,24.13,0.0,0.5,6.39,0.0,0.3,33.82,,
2,2022-03-01 06:54:00,2022-03-01 07:00:00,,2.16,,,238,50,0,11.43,0.0,0.5,1.0,0.0,0.3,15.73,,
2,2022-03-01 06:54:00,2022-03-01 07:02:00,,1.57,,,143,48,0,9.31,0.0,0.5,2.84,0.0,0.3,15.45,,
2,2022-03-01 06:54:00,2022-03-01 07:10:00,,5.13,,,166,246,0,17.71,0.0,0.5,2.43,0.0,0.3,23.44,,
2,2022-03-01 06:54:03,2022-03-01 07:05:12,1.0,2.81,1.0,N,249,161,1,10.5,0.0,0.5,1.0,0.0,0.3,14.8,2.5,0.0
2,2022-03-01 06:54:03,2022-03-01 07:09:54,1.0,3.91,1.0,N,231,161,1,14.5,0.0,0.5,2.67,0.0,0.3,20.47,2.5,0.0
1,2022-03-01 06:54:04,2022-03-01 07:06:02,1.0,3.2,1.0,N,68,237,2,12.0,2.5,0.5,0.0,0.0,0.3,15.3,2.5,0.0
2,2022-03-01 06:54:07,2022-03-01 07:26:23,1.0,14.63,2.0,N,68,132,1,52.0,0.0,0.5,9.0,6.55,0.3,70.85,2.5,0.0
1,2022-03-01 06:54:08,2022-03-01 06:59:49,1.0,0.7,1.0,N,229,140,1,5.5,2.5,0.5,2.2,0.0,0.3,11.0,2.5,0.0
1,2022-03-01 06:54:09,2022-03-01 07:02:09,1.0,0.9,1.0,N,125,13,1,7.0,2.5,0.5,0.0,0.0,0.3,10.3,2.5,0.0
2,2022-03-01 06:54:13,2022-03-01 07:11:44,3.0,3.9,1.0,N,162,13,1,15.0,0.0,0.5,2.74,0.0,0.3,21.04,2.5,0.0
2,2022-03-01 06:54:15,2022-03-01 07:06:33,1.0,2.79,1.0,N,48,140,1,11.5,0.0,0.5,2.22,0.0,0.3,17.02,2.5,0.0
2,2022-03-01 06:54:16,2022-03-01 06:56:33,1.0,0.92,1.0,N,238,239,1,4.5,0.0,0.5,1.56,0.0,0.3,9.36,2.5,0.0
1,2022-03-01 06:54:17,2022-03-01 07:03:37,1.0,1.5,1.0,N,238,166,2,8.5,2.5,0.5,0.0,0.0,0.3,11.8,2.5,0.0
2,2022-03-01 06:54:19,2022-03-01 06:57:32,1.0,0.85,1.0,N,237,236,1,5.0,0.0,0.5,1.66,0.0,0.3,9.96,2.5,0.0
2,2022-03-01 06:54:20,2022-03-01 07:01:24,1.0,1.43,1.0,N,48,142,1,7.0,0.0,0.5,2.0,0.0,0.3,12.3,2.5,0.0
1,2022-03-01 06:54:20,2022-03-01 07:02:48,1.0,1.7,1.0,N,170,237,1,8.5,2.5,0.5,1.18,0.0,0.3,12.98,2.5,0.0
2,2022-03-01 06:54:20,2022-03-01 07:00:44,1.0,1.16,1.0,N,162,162,1,6.5,0.0,0.5,2.45,0.0,0.3,12.25,2.5,0.0
2,2022-03-01 06:54:23,2022-03-01 06:59:03,1.0,1.03,1.0,N,162,234,1,5.5,0.0,0.5,1.32,0.0,0.3,10.12,2.5,0.0
2,2022-03-01 06:54:24,2022-03-01 07:04:08,1.0,3.03,1.0,N,43,100,1,10.5,0.0,0.5,1.2,0.0,0.3,15.0,2.5,0.0
1,2022-03-01 06:54:27,2022-03-01 07:00:03,1.0,1.0,1.0,N,233,137,1,6.0,2.5,0.5,1.86,0.0,0.3,11.16,2.5,0.0
1,2022-03-01 06:54:27,2022-03-01 07:03:02,1.0,1.6,1.0,N,263,140,1,8.0,2.5,0.5,2.0,0.0,0.3,13.3,2.5,0.0
2,2022-03-01 06:54:29,2022-03-01 07:00:41,1.0,1.07,1.0,N,186,161,1,6.0,0.0,0.5,0.0,0.0,0.3,9.3,2.5,0.0
1,2022-03-01 06:54:32,2022-03-01 06:55:20,1.0,0.0,5.0,N,132,132,3,0.0,0.0,0.0,0.0,0.0,0.3,0.3,0.0,0.0
2,2022-03-01 06:54:33,2022-03-01 06:57:32,1.0,0.5,1.0,N,107,107,1,4.0,0.0,0.5,1.0,0.0,0.3,8.3,2.5,0.0
2,2022-03-01 06:54:36,2022-03-01 07:01:30,1.0,1.17,1.0,Y,107,90,1,6.5,0.0,0.5,1.96,0.0,0.3,11.76,2.5,0.0
2,2022-03-01 06:54:38,2022-03-01 07:06:23,1.0,4.58,1.0,N,107,87,2,15.0,0.0,0.5,0.0,0.0,0.3,18.3,2.5,0.0
2,2022-03-01 06:54:40,2022-03-01 07:02:54,1.0,1.43,1.0,N,107,170,1,7.5,0.0,0.5,3.5,0.0,0.3,14.3,2.5,0.0
1,2022-03-01 06:54:40,2022-03-01 07:08:41,1.0,3.1,1.0,N,48,236,1,12.5,2.5,0.5,1.58,0.0,0.3,17.38,2.5,0.0
1,2022-03-01 06:54:41,2022-03-01 07:21:27,1.0,2.3,99.0,N,65,62,1,19.2,0.0,0.5,0.0,0.0,0.3,20.0,0.0,0.0
2,2022-03-01 06:54:44,2022-03-01 07:18:50,3.0,4.48,1.0,N,249,236,2,19.0,0.0,0.5,0.0,0.0,0.3,22.3,2.5,0.0
2,2022-03-01 06:54:45,2022-03-01 07:06:55,1.0,2.85,1.0,N,236,170,1,11.5,0.0,0.5,1.2,0.0,0.3,16.0,2.5,0.0
1,2022-03-01 06:54:46,2022-03-01 06:56:54,1.0,0.8,1.0,N,239,238,2,4.5,2.5,0.5,0.0,0.0,0.3,7.8,2.5,0.0
2,2022-03-01 06:54:46,2022-03-01 07:01:05,2.0,2.21,1.0,N,238,161,1,8.5,0.0,0.5,2.36,0.0,0.3,14.16,2.5,0.0
1,2022-03-01 06:54:47,2022-03-01 07:05:51,0.0,1.4,1.0,Y,186,107,1,8.5,2.5,0.5,2.35,0.0,0.3,14.15,2.5,0.0
2,2022-03-01 06:54:56,2022-03-01 06:58:41,1.0,1.03,1.0,N,79,113,1,5.5,0.0,0.5,2.2,0.0,0.3,11.0,2.5,0.0
2,2022-03-01 06:54:56,2022-03-01 07:06:56,1.0,2.14,1.0,N,13,114,1,10.5,0.0,0.5,1.38,0.0,0.3,15.18,2.5,0.0
2,2022-03-01 06:54:56,2022-03-01 06:58:13,1.0,0.75,1.0,N,100,50,1,4.5,0.0,0.5,2.34,0.0,0.3,10.14,2.5,0.0
1,2022-03-01 06:54:57,2022-03-01 07:07:58,0.0,3.4,1.0,N,193,170,2,12.5,2.5,0.5,0.0,0.0,0.3,15.8,2.5,0.0
2,2022-03-01 06:54:57,2022-03-01 07:02:55,1.0,1.92,1.0,N,236,142,1,8.5,0.0,0.5,2.95,0.0,0.3,14.75,2.5,0.0
1,2022-03-01 06:54:58,2022-03-01 07:01:37,0.0,1.3,1.0,N,161,186,1,7.0,2.5,0.5,2.7,0.0,0.3,13.0,2.5,0.0
2,2022-03-01 06:54:59,2022-03-01 07:06:00,1.0,2.64,1.0,N,48,237,2,11.0,0.0,0.5,0.0,0.0,0.3,14.3,2.5,0.0
1,2022-03-01 06:55:00,2022-03-01 07:11:06,1.0,3.5,1.0,N,68,12,1,15.0,2.5,0.5,5.45,0.0,0.3,23.75,2.5,0.0
2,2022-03-01 06:55:01,2022-03-01 06:58:44,1.0,0.8,1.0,N,166,166,2,5.0,0.0,0.5,0.0,0.0,0.3,5.8,0.0,0.0
2,2022-03-01 06:55:01,2022-03-01 07:11:57,1.0,9.96,1.0,N,239,200,1,28.5,0.0,0.5,10.44,3.0,0.3,45.24,2.5,0.0
2,2022-03-01 06:55:03,2022-03-01 07:28:12,2.0,8.66,1.0,N,132,131,1,28.5,0.0,0.5,6.11,0.0,0.3,36.66,0.0,1.25
2,2022-03-01 06:55:08,2022-03-01 07:07:18,1.0,2.65,1.0,N,140,230,1,11.0,0.0,0.5,2.86,0.0,0.3,17.16,2.5,0.0
2,2022-03-01 06:55:08,2022-03-01 07:20:40,1.0,16.17,1.0,N,13,138,1,43.5,0.0,0.5,10.67,6.55,0.3,64.02,2.5,0.0
2,2022-03-01 06:55:11,2022-03-01 06:59:58,1.0,0.88,1.0,N,263,237,1,5.5,0.0,0.5,1.76,0.0,0.3,10.56,2.5,0.0
2,2022-03-01 06:55:11,2022-03-01 07:25:37,1.0,10.78,1.0,N,132,173,1,32.0,0.0,0.5,6.56,0.0,0.3,40.61,0.0,1.25
1,2022-03-01 06:55:11,2022-03-01 06:58:20,1.0,0.5,1.0,N,140,140,1,4.5,2.5,0.5,1.0,0.0,0.3,8.8,2.5,0.0
1,2022-03-01 06:55:11,2022-03-01 06:59:17,1.0,1.3,1.0,N,238,166,1,6.0,2.5,0.5,1.85,0.0,0.3,11.15,2.5,0.0
2,2022-03-01 06:55:13,2022-03-01 07:00:58,1.0,1.7,1.0,N,237,162,1,7.0,0.0,0.5,3.09,0.0,0.3,13.39,2.5,0.0
2,2022-03-01 06:55:14,2022-03-01 07:00:49,1.0,1.05,1.0,N,68,90,1,6.0,0.0,0.5,1.0,0.0,0.3,10.3,2.5,0.0
2,2022-03-01 06:55:14,2022-03-01 07:31:28,1.0,15.74,1.0,N,132,123,2,45.0,0.0,0.5,0.0,0.0,0.3,47.05,0.0,1.25
1,2022-03-01 06:55:15,2022-03-01 07:06:56,1.0,1.6,1.0,N,48,234,1,9.0,2.5,0.5,1.0,0.0,0.3,13.3,2.5,0.0
2,2022-03-01 06:55:17,2022-03-01 06:59:04,1.0,1.0,1.0,N,50,142,1,5.5,0.0,0.5,1.0,0.0,0.3,9.8,2.5,0.0
1,2022-03-01 06:55:18,2022-03-01 07:02:04,1.0,0.6,1.0,N,137,170,1,5.5,2.5,0.5,1.0,0.0,0.3,9.8,2.5,0.0
1,2022-03-01 06:55:19,2022-03-01 07:01:02,2.0,1.1,1.0,N,100,234,2,6.0,2.5,0.5,0.0,0.0,0.3,9.3,2.5,0.0
1,2022-03-01 06:55:19,2022-03-01 07:07:12,2.0,2.7,1.0,N,229,229,2,10.5,2.5,0.5,0.0,0.0,0.3,13.8,2.5,0.0
2,2022-03-01 06:55:20,2022-03-01 07:05:01,1.0,1.64,1.0,N,100,229,2,8.5,0.0,0.5,0.0,0.0,0.3,11.8,2.5,0.0
1,2022-03-01 06:55:20,2022-03-01 07:29:43,1.0,19.7,2.0,N,141,132,1,52.0,2.5,0.5,12.35,6.55,0.3,74.2,2.5,0.0
1,2022-03-01 06:55:21,2022-03-01 07:08:45,1.0,2.7,1.0,N,239,161,1,12.0,2.5,0.5,3.05,0.0,0.3,18.35,2.5,0.0
2,2022-03-01 06:55:22,2022-03-01 07:01:27,1.0,2.99,1.0,N,262,137,1,10.0,0.0,0.5,3.0,0.0,0.3,16.3,2.5,0.0
2,2022-03-01 06:55:24,2022-03-01 07:04:54,1.0,1.61,1.0,N,163,164,1,8.5,0.0,0.5,1.0,0.0,0.3,12.8,2.5,0.0
2,2022-03-01 06:55:26,2022-03-01 06:59:27,1.0,0.93,1.0,N,186,234,1,5.0,0.0,0.5,1.66,0.0,0.3,9.96,2.5,0.0
1,2022-03-01 06:55:26,2022-03-01 07:06:08,1.0,2.6,1.0,N,142,75,2,10.5,2.5,0.5,0.0,0.0,0.3,13.8,2.5,0.0
1,2022-03-01 06:55:27,2022-03-01 07:00:33,1.0,2.0,1.0,N,140,233,1,7.5,2.5,0.5,1.08,0.0,0.3,11.88,2.5,0.0
1,2022-03-01 06:55:27,2022-03-01 07:10:56,0.0,2.9,1.0,N,107,50,1,13.0,2.5,0.5,1.63,0.0,0.3,17.93,2.5,0.0
1,2022-03-01 06:55:29,2022-03-01 07:00:33,1.0,1.0,1.0,Y,186,161,1,5.5,2.5,0.5,1.58,0.0,0.3,10.38,2.5,0.0
2,2022-03-01 06:55:30,2022-03-01 07:00:17,1.0,1.26,1.0,N,42,43,2,6.0,0.0,0.5,0.0,0.0,0.3,6.8,0.0,0.0
2,2022-03-01 06:55:30,2022-03-01 07:01:40,1.0,0.87,1.0,N,238,75,1,6.0,0.0,0.5,1.36,0.0,0.3,8.16,0.0,0.0
2,2022-03-01 06:55:31,2022-03-01 06:58:04,6.0,0.97,1.0,N,162,107,1,4.5,0.0,0.5,1.56,0.0,0.3,9.36,2.5,0.0
1,2022-03-01 06:55:31,2022-03-01 07:02:03,,0.9,,,249,113,0,6.0,0.0,0.5,0.47,0.0,0.3,9.77,,
2,2022-03-01 06:55:34,2022-03-01 07:35:01,1.0,21.22,2.0,N,239,132,1,52.0,0.0,0.5,15.46,6.55,0.3,77.31,2.5,0.0
2,2022-03-01 06:55:35,2022-03-01 07:04:05,1.0,1.48,1.0,N,170,237,1,8.0,0.0,0.5,2.26,0.0,0.3,13.56,2.5,0.0
1,2022-03-01 06:55:37,2022-03-01 07:04:00,1.0,1.1,1.0,N,100,246,1,7.5,2.5,0.5,2.15,0.0,0.3,12.95,2.5,0.0
1,2022-03-01 06:55:38,2022-03-01 07:29:01,1.0,17.4,2.0,Y,230,132,1,52.0,2.5,0.5,13.8,0.0,0.3,69.1,2.5,0.0
2,2022-03-01 06:55:39,2022-03-01 07:01:21,1.0,1.17,1.0,N,141,162,1,6.0,0.0,0.5,1.4,0.0,0.3,10.7,2.5,0.0
2,2022-03-01 06:55:39,2022-03-01 07:08:34,1.0,3.36,1.0,N,162,231,1,12.5,0.0,0.5,2.37,0.0,0.3,18.17,2.5,0.0
1,2022-03-01 06:55:39,2022-03-01 07:08:24,1.0,2.9,1.0,N,263,161,1,12.0,2.5,0.5,3.8,0.0,0.3,19.1,2.5,0.0
2,2022-03-01 06:55:40,2022-03-01 07:15:14,2.0,3.32,1.0,N,74,236,1,14.5,0.0,0.5,1.78,0.0,0.3,19.58,2.5,0.0
2,2022-03-01 06:55:41,2022-03-01 07:05:32,1.0,2.41,1.0,N,262,161,1,10.0,0.0,0.5,2.66,0.0,0.3,15.96,2.5,0.0
2,2022-03-01 06:55:43,2022-03-01 06:58:49,1.0,0.92,1.0,N,163,237,2,-5.0,0.0,-0.5,0.0,0.0,-0.3,-8.3,-2.5,0.0
2,2022-03-01 06:55:43,2022-03-01 06:58:49,1.0,0.92,1.0,N,163,236,2,5.0,0.0,0.5,0.0,0.0,0.3,8.3,2.5,0.0
1,2022-03-01 06:55:45,2022-03-01 07:08:36,1.0,2.0,1.0,N,162,68,1,9.5,2.5,0.5,2.55,0.0,0.3,15.35,2.5,0.0
2,2022-03-01 06:55:45,2022-03-01 07:03:24,1.0,1.3,1.0,N,43,263,2,7.0,0.0,0.5,0.0,0.0,0.3,10.3,2.5,0.0
1,2022-03-01 06:55:48,2022-03-01 07:02:34,1.0,1.5,1.0,N,186,163,1,7.0,2.5,0.5,2.05,0.0,0.3,12.35,2.5,0.0
2,2022-03-01 06:55:50,2022-03-01 07:05:25,1.0,1.46,1.0,N,162,142,1,8.5,0.5,0.5,1.5,0.0,0.3,13.8,2.5,0.0
2,2022-03-01 06:55:50,2022-03-01 07:50:14,1.0,17.89,1.0,N,132,112,1,51.5,0.0,0.5,7.0,0.0,0.3,60.55,0.0,1.25
1,2022-03-01 06:55:51,2022-03-01 07:00:19,1.0,0.5,1.0,N,230,230,1,5.0,2.5,0.5,0.83,0.0,0.3,9.13,2.5,0.0
1,2022-03-01 06:55:51,2022-03-01 07:01:43,1.0,1.3,1.0,N,142,43,1,7.0,2.5,0.5,2.06,0.0,0.3,12.36,2.5,0.0
2,2022-03-01 06:55:52,2022-03-01 07:05:44,1.0,1.9,1.0,N,162,140,1,9.0,0.0,0.5,2.46,0.0,0.3,14.76,2.5,0.0
2,2022-03-01 06:55:52,2022-03-01 07:55:06,1.0,29.46,4.0,N,132,265,1,80.5,0.0,0.5,10.0,6.55,0.3,99.1,0.0,1.25
1,2022-03-01 06:55:53,2022-03-01 07:00:46,,0.8,,,48,230,0,5.5,0.0,0.5,0.88,0.0,0.3,9.68,,
1,2022-03-01 06:55:53,2022-03-01 07:24:59,1.0,7.7,99.0,N,45,7,1,28.2,0.0,0.5,0.0,0.0,0.3,29.0,0.0,0.0
2,2022-03-01 06:55:55,2022-03-01 07:14:03,1.0,4.43,1.0,N,48,75,1,16.5,0.0,0.5,3.96,0.0,0.3,23.76,2.5,0.0
1,2022-03-01 06:55:56,2022-03-01 07:02:34,0.0,1.7,1.0,N,113,161,2,7.5,2.5,0.5,0.0,0.0,0.3,10.8,2.5,0.0
2,2022-03-01 06:55:58,2022-03-01 07:01:03,1.0,1.31,1.0,N,158,68,1,6.0,0.0,0.5,1.86,0.0,0.3,11.16,2.5,0.0
2,2022-03-01 06:55:58,2022-03-01 07:01:30,1.0,1.19,1.0,N,236,75,1,6.5,0.0,0.5,1.47,0.0,0.3,11.27,2.5,0.0
2,2022-03-01 06:56:00,2022-03-01 07:08:18,,2.77,,,114,161,0,13.98,0.0,0.5,0.0,0.0,0.3,17.28,,
2,2022-03-01 06:56:01,2022-03-01 07:12:53,1.0,3.66,1.0,N,151,229,1,15.0,0.0,0.5,4.0,0.0,0.3,22.3,2.5,0.0
2,2022-03-01 06:56:02,2022-03-01 07:03:34,1.0,1.88,1.0,N,249,164,1,7.5,0.0,0.5,1.62,0.0,0.3,12.42,2.5,0.0
2,2022-03-01 06:56:03,2022-03-01 07:01:57,5.0,1.03,1.0,N,107,186,1,6.0,0.0,0.5,1.86,0.0,0.3,11.16,2.5,0.0
2,2022-03-01 06:56:04,2022-03-01 07:02:44,1.0,1.91,1.0,N,236,161,1,8.0,0.0,0.5,2.26,0.0,0.3,13.56,2.5,0.0
1,2022-03-01 06:56:06,2022-03-01 07:01:58,1.0,1.0,1.0,N,142,230,1,6.0,2.5,0.5,1.85,0.0,0.3,11.15,2.5,0.0
2,2022-03-01 06:56:08,2022-03-01 06:57:21,6.0,0.26,1.0,N,141,236,1,3.0,0.0,0.5,1.26,0.0,0.3,7.56,2.5,0.0
2,2022-03-01 06:56:08,2022-03-01 07:12:59,1.0,9.65,1.0,N,107,138,1,27.0,0.0,0.5,7.37,6.55,0.3,44.22,2.5,0.0
2,2022-03-01 06:56:10,2022-03-01 07:03:36,1.0,1.56,1.0,N,114,107,1,7.5,0.0,0.5,3.24,0.0,0.3,14.04,2.5,0.0
2,2022-03-01 06:56:19,2022-03-01 07:00:52,2.0,1.01,1.0,N,164,161,1,5.5,0.0,0.5,1.76,0.0,0.3,10.56,2.5,0.0
2,2022-03-01 06:56:20,2022-03-01 06:58:29,1.0,0.79,1.0,N,262,140,1,4.5,0.0,0.5,1.56,0.0,0.3,9.36,2.5,0.0
2,2022-03-01 06:56:21,2022-03-01 07:08:54,1.0,1.86,1.0,N,186,137,2,10.0,0.0,0.5,0.0,0.0,0.3,13.3,2.5,0.0
1,2022-03-01 06:56:21,2022-03-01 07:00:47,1.0,0.7,1.0,N,48,230,1,5.0,2.5,0.5,1.65,0.0,0.3,9.95,2.5,0.0
1,2022-03-01 06:56:26,2022-03-01 07:02:08,1.0,1.8,1.0,N,79,233,1,7.5,2.5,0.5,1.08,0.0,0.3,11.88,2.5,0.0
2,2022-03-01 06:56:26,2022-03-01 07:03:14,1.0,1.9,1.0,N,90,163,1,8.0,0.0,0.5,1.0,0.0,0.3,12.3,2.5,0.0
1,2022-03-01 06:56:27,2022-03-01 07:04:10,1.0,1.9,1.0,N,75,43,2,8.0,2.5,0.5,0.0,0.0,0.3,11.3,2.5,0.0
1,2022-03-01 06:56:31,2022-03-01 07:07:53,1.0,2.8,1.0,N,158,230,1,10.5,2.5,0.5,1.0,0.0,0.3,14.8,2.5,0.0
2,2022-03-01 06:56:31,2022-03-01 06:59:41,1.0,1.18,1.0,N,246,68,1,5.5,0.0,0.5,1.76,0.0,0.3,10.56,2.5,0.0
2,2022-03-01 06:56:32,2022-03-01 07:17:34,1.0,2.9,1.0,N,48,140,1,15.0,0.0,0.5,3.66,0.0,0.3,21.96,2.5,0.0
2,2022-03-01 06:56:33,2022-03-01 06:57:55,5.0,0.59,1.0,N,141,141,2,3.5,0.0,0.5,0.0,0.0,0.3,6.8,2.5,0.0
2,2022-03-01 06:56:34,2022-03-01 07:01:59,1.0,0.98,1.0,N,43,236,1,5.5,0.0,0.5,1.76,0.0,0.3,10.56,2.5,0.0
2,2022-03-01 06:56:35,2022-03-01 07:12:43,1.0,3.76,1.0,N,230,43,1,15.0,0.0,0.5,4.58,0.0,0.3,22.88,2.5,0.0
2,2022-03-01 06:56:37,2022-03-01 07:00:00,6.0,1.24,1.0,N,233,141,1,5.5,0.0,0.5,2.2,0.0,0.3,11.0,2.5,0.0
1,2022-03-01 06:56:39,2022-03-01 07:10:45,1.0,3.2,1.0,N,151,237,1,13.0,2.5,0.5,3.25,0.0,0.3,19.55,2.5,0.0
2,2022-03-01 06:56:40,2022-03-01 07:12:24,1.0,3.82,1.0,N,162,261,1,14.0,0.0,0.5,3.46,0.0,0.3,20.76,2.5,0.0
2,2022-03-01 06:56:40,2022-03-01 07:06:37,1.0,2.56,1.0,N,238,237,1,10.0,0.0,0.5,2.0,0.0,0.3,15.3,2.5,0.0
2,2022-03-01 06:56:42,2022-03-01 07:15:15,,5.16,,,33,246,0,20.61,0.0,0.5,2.62,0.0,0.3,26.53,,
2,2022-03-01 06:56:45,2022-03-01 07:08:41,1.0,1.36,1.0,N,237,142,1,9.0,0.0,0.5,2.46,0.0,0.3,14.76,2.5,0.0
2,2022-03-01 06:56:46,2022-03-01 07:04:19,1.0,1.47,1.0,N,230,170,1,7.0,0.0,0.5,2.06,0.0,0.3,12.36,2.5,0.0
1,2022-03-01 06:56:46,2022-03-01 07:52:45,2.0,19.0,2.0,N,132,231,1,52.0,2.5,0.5,12.35,6.55,0.3,74.2,2.5,0.0
1,2022-03-01 06:56:48,2022-03-01 07:11:43,,5.0,,,238,158,0,16.5,0.0,0.5,3.96,0.0,0.3,23.76,,
2,2022-03-01 06:56:50,2022-03-01 07:02:05,1.0,1.39,1.0,N,234,161,1,6.5,0.0,0.5,1.96,0.0,0.3,11.76,2.5,0.0
1,2022-03-01 06:56:50,2022-03-01 07:02:26,1.0,1.5,1.0,N,238,166,2,6.5,2.5,0.5,0.0,0.0,0.3,9.8,2.5,0.0
2,2022-03-01 06:56:51,2022-03-01 07:11:14,1.0,7.4,1.0,N,141,88,1,21.5,0.0,0.5,6.2,0.0,0.3,31.0,2.5,0.0
1,2022-03-01 06:56:56,2022-03-01 07:06:44,1.0,2.2,1.0,N,7,145,2,9.5,2.5,0.5,0.0,0.0,0.3,12.8,2.5,0.0
2,2022-03-01 06:56:58,2022-03-01 07:08:04,1.0,4.0,1.0,N,79,263,2,12.5,0.0,0.5,0.0,0.0,0.3,15.8,2.5,0.0
2,2022-03-01 06:56:59,2022-03-01 07:03:39,1.0,1.65,1.0,N,141,75,1,7.5,0.0,0.5,2.16,0.0,0.3,12.96,2.5,0.0
2,2022-03-01 06:57:00,2022-03-01 06:59:34,1.0,0.96,1.0,N,236,162,1,4.5,0.0,0.5,1.56,0.0,0.3,9.36,2.5,0.0
2,2022-03-01 06:57:01,2022-03-01 07:07:51,1.0,2.96,1.0,N,244,41,2,11.0,0.0,0.5,0.0,0.0,0.3,11.8,0.0,0.0
1,2022-03-01 06:57:01,2022-03-01 07:00:00,1.0,0.5,1.0,N,142,163,3,4.0,2.5,0.5,0.0,0.0,0.3,7.3,2.5,0.0
2,2022-03-01 06:57:02,2022-03-01 07:06:58,1.0,2.21,1.0,N,236,162,2,9.0,0.0,0.5,0.0,0.0,0.3,12.3,2.5,0.0
2,2022-03-01 06:57:02,2022-03-01 07:53:19,1.0,16.25,1.0,N,132,217,2,48.5,0.0,0.5,0.0,0.0,0.3,50.55,0.0,1.25
2,2022-03-01 06:57:03,2022-03-01 06:58:56,1.0,0.87,1.0,N,43,161,1,4.5,0.0,0.5,1.56,0.0,0.3,9.36,2.5,0.0
2,2022-03-01 06:57:03,2022-03-01 07:01:58,1.0,1.18,1.0,N,142,230,1,6.0,0.0,0.5,1.86,0.0,0.3,11.16,2.5,0.0
2,2022-03-01 06:57:06,2022-03-01 07:21:55,1.0,9.78,1.0,N,164,257,2,30.0,0.0,0.5,0.0,0.0,0.3,33.3,2.5,0.0
2,2022-03-01 06:57:06,2022-03-01 07:00:15,1.0,0.58,1.0,N,164,161,1,4.0,0.0,0.5,1.46,0.0,0.3,8.76,2.5,0.0
1,2022-03-01 06:57:10,2022-03-01 07:32:34,2.0,10.5,1.0,N,132,82,1,33.0,1.25,0.5,7.0,0.0,0.3,42.05,0.0,1.25
2,2022-03-01 06:57:11,2022-03-01 07:07:25,1.0,1.99,1.0,N,151,263,1,9.5,0.0,0.5,1.0,0.0,0.3,13.8,2.5,0.0
2,2022-03-01 06:57:12,2022-03-01 07:00:59,1.0,1.47,1.0,N,170,140,1,6.0,0.0,0.5,1.4,0.0,0.3,10.7,2.5,0.0
2,2022-03-01 06:57:13,2022-03-01 07:01:13,1.0,0.6,1.0,N,140,141,1,4.5,0.0,0.5,1.56,0.0,0.3,9.36,2.5,0.0
2,2022-03-01 06:57:13,2022-03-01 07:07:31,1.0,1.53,1.0,N,107,246,1,9.0,0.0,0.5,1.23,0.0,0.3,13.53,2.5,0.0
2,2022-03-01 06:57:14,2022-03-01 07:56:33,6.0,19.16,2.0,N,132,249,1,52.0,0.0,0.5,10.0,6.55,0.3,73.1,2.5,1.25
2,2022-03-01 06:57:15,2022-03-01 07:07:53,5.0,2.38,1.0,N,262,161,1,10.0,0.0,0.5,2.66,0.0,0.3,15.96,2.5,0.0
2,2022-03-01 06:57:15,2022-03-01 07:02:42,1.0,2.0,1.0,N,132,132,2,7.5,0.0,0.5,0.0,0.0,0.3,9.55,0.0,1.25
2,2022-03-01 06:57:16,2022-03-01 07:00:42,1.0,0.61,1.0,N,186,234,2,4.5,0.0,0.5,0.0,0.0,0.3,7.8,2.5,0.0
2,2022-03-01 06:57:16,2022-03-01 07:02:16,1.0,0.86,1.0,N,48,68,1,5.5,0.0,0.5,1.76,0.0,0.3,10.56,2.5,0.0
1,2022-03-01 06:57:18,2022-03-01 07:13:50,,7.9,,,140,13,0,23.0,0.0,0.5,3.94,0.0,0.3,30.24,,
2,2022-03-01 06:57:20,2022-03-01 07:02:39,2.0,1.89,1.0,N,236,161,1,7.5,0.0,0.5,2.16,0.0,0.3,12.96,2.5,0.0
2,2022-03-01 06:57:20,2022-03-01 07:07:10,1.0,3.3,1.0,N,79,140,1,11.0,0.0,0.5,2.86,0.0,0.3,17.16,2.5,0.0
2,2022-03-01 06:57:20,2022-03-01 07:04:57,1.0,1.1,1.0,N,41,43,2,7.0,0.0,0.5,0.0,0.0,0.3,7.8,0.0,0.0
2,2022-03-01 06:57:21,2022-03-01 07:07:08,1.0,1.51,1.0,N,100,50,1,8.5,0.0,0.5,2.36,0.0,0.3,14.16,2.5,0.0
2,2022-03-01 06:57:22,2022-03-01 07:10:40,1.0,5.03,1.0,N,75,244,1,17.0,0.0,0.5,3.56,0.0,0.3,21.36,0.0,0.0
2,2022-03-01 06:57:22,2022-03-01 07:03:58,1.0,2.0,1.0,N,141,137,1,7.5,0.0,0.5,2.16,0.0,0.3,12.96,2.5,0.0
1,2022-03-01 06:57:27,2022-03-01 07:10:56,1.0,2.0,1.0,N,237,238,2,11.0,2.5,0.5,0.0,0.0,0.3,14.3,2.5,0.0
2,2022-03-01 06:57:27,2022-03-01 07:02:52,1.0,0.53,1.0,N,237,229,2,5.5,0.0,0.5,0.0,0.0,0.3,8.8,2.5,0.0
1,2022-03-01 06:57:28,2022-03-01 07:10:22,1.0,1.6,1.0,N,236,238,2,10.0,2.5,0.5,0.0,0.0,0.3,13.3,2.5,0.0
2,2022-03-01 06:57:31,2022-03-01 07:08:40,6.0,1.77,1.0,N,186,137,1,9.0,0.0,0.5,1.84,0.0,0.3,14.14,2.5,0.0
2,2022-03-01 06:57:37,2022-03-01 07:01:05,1.0,0.54,1.0,N,41,166,1,4.5,0.0,0.5,1.32,0.0,0.3,6.62,0.0,0.0
2,2022-03-01 06:57:38,2022-03-01 07:02:55,1.0,1.24,1.0,N,238,239,2,6.0,0.0,0.5,0.0,0.0,0.3,9.3,2.5,0.0
2,2022-03-01 06:57:38,2022-03-01 07:08:37,1.0,1.86,1.0,N,237,186,2,9.5,0.0,0.5,0.0,0.0,0.3,12.8,2.5,0.0
1,2022-03-01 06:57:38,2022-03-01 07:10:34,1.0,2.0,1.0,N,264,264,1,10.5,0.0,0.5,1.0,0.0,0.3,12.3,0.0,0.0
1,2022-03-01 06:57:40,2022-03-01 07:11:15,,9.2,,,233,138,0,25.5,0.0,0.5,7.07,6.55,0.3,42.42,,
2,2022-03-01 06:57:40,2022-03-01 07:14:02,4.0,4.39,1.0,N,114,140,1,16.0,0.0,0.5,3.86,0.0,0.3,23.16,2.5,0.0
1,2022-03-01 06:57:40,2022-03-01 07:03:51,,0.9,,,100,170,0,6.0,0.0,0.5,0.47,0.0,0.3,9.77,,
2,2022-03-01 06:57:41,2022-03-01 07:05:21,2.0,2.08,1.0,N,262,163,1,8.5,0.0,0.5,1.18,0.0,0.3,12.98,2.5,0.0
2,2022-03-01 06:57:43,2022-03-01 07:11:59,1.0,3.37,1.0,N,236,164,1,12.5,0.0,0.5,4.74,0.0,0.3,20.54,2.5,0.0
2,2022-03-01 06:57:45,2022-03-01 07:12:09,5.0,3.64,1.0,N,237,79,2,13.5,0.0,0.5,0.0,0.0,0.3,16.8,2.5,0.0
1,2022-03-01 06:57:46,2022-03-01 07:12:22,1.0,3.1,1.0,N,234,87,1,12.5,2.5,0.5,3.15,0.0,0.3,18.95,2.5,0.0
2,2022-03-01 06:57:47,2022-03-01 07:07:04,,2.09,,,239,161,0,10.89,0.0,0.5,2.42,0.0,0.3,16.61,,
1,2022-03-01 06:57:48,2022-03-01 07:14:51,1.0,3.1,1.0,N,151,140,1,13.5,2.5,0.5,3.36,0.0,0.3,20.16,2.5,0.0
2,2022-03-01 06:57:54,2022-03-01 07:04:11,1.0,1.75,1.0,N,141,162,1,7.5,0.0,0.5,2.16,0.0,0.3,12.96,2.5,0.0
2,2022-03-01 06:57:54,2022-03-01 07:35:31,1.0,12.61,1.0,N,132,53,2,38.5,0.0,0.5,0.0,0.0,0.3,40.55,0.0,1.25
1,2022-03-01 06:57:55,2022-03-01 07:03:40,1.0,1.5,1.0,N,233,161,1,6.5,2.5,0.5,0.98,0.0,0.3,10.78,2.5,0.0
2,2022-03-01 06:57:56,2022-03-01 07:19:20,5.0,12.04,1.0,N,161,138,2,33.5,0.0,0.5,0.0,6.55,0.3,43.35,2.5,0.0
1,2022-03-01 06:57:57,2022-03-01 07:02:30,1.0,1.6,1.0,N,161,236,1,6.5,2.5,0.5,1.95,0.0,0.3,11.75,2.5,0.0
2,2022-03-01 06:58:00,2022-03-01 07:17:51,1.0,2.69,1.0,N,238,140,1,14.5,0.0,0.5,3.56,0.0,0.3,21.36,2.5,0.0
2,2022-03-01 06:58:02,2022-03-01 06:58:10,4.0,0.0,1.0,N,164,170,2,2.5,0.0,0.5,0.0,0.0,0.3,5.8,2.5,0.0
2,2022-03-01 06:58:03,2022-03-01 07:05:27,4.0,1.87,1.0,N,231,113,1,8.0,0.0,0.5,2.26,0.0,0.3,13.56,2.5,0.0
1,2022-03-01 06:58:03,2022-03-01 07:06:36,1.0,1.4,1.0,N,143,163,1,8.0,2.5,0.5,2.25,0.0,0.3,13.55,2.5,0.0
2,2022-03-01 06:58:08,2022-03-01 07:06:14,1.0,1.65,1.0,N,48,234,1,7.5,0.0,0.5,1.0,0.0,0.3,11.8,2.5,0.0
2,2022-03-01 06:58:10,2022-03-01 07:10:48,1.0,5.27,1.0,N,87,164,1,16.5,0.0,0.5,2.97,0.0,0.3,22.77,2.5,0.0
1,2022-03-01 06:58:11,2022-03-01 07:03:43,1.0,0.8,1.0,N,41,74,2,5.5,0.0,0.5,0.0,0.0,0.3,6.3,0.0,0.0
2,2022-03-01 06:58:11,2022-03-01 07:00:36,1.0,0.65,1.0,N,164,100,1,4.0,0.0,0.5,1.46,0.0,0.3,8.76,2.5,0.0
2,2022-03-01 06:58:15,2022-03-01 07:21:00,1.0,4.73,1.0,N,237,231,1,18.0,0.0,0.5,4.26,0.0,0.3,25.56,2.5,0.0
1,2022-03-01 06:58:15,2022-03-01 07:39:34,1.0,13.7,99.0,N,37,86,1,44.2,0.0,0.5,0.0,0.0,0.3,45.0,0.0,0.0
2,2022-03-01 06:58:16,2022-03-01 07:03:44,5.0,0.7,1.0,N,163,161,2,5.5,0.0,0.5,0.0,0.0,0.3,8.8,2.5,0.0
1,2022-03-01 06:58:16,2022-03-01 07:13:21,1.0,3.7,1.0,N,186,232,2,15.0,2.5,0.0,0.0,0.0,0.3,17.8,2.5,0.0
1,2022-03-01 06:58:16,2022-03-01 07:05:28,1.0,1.4,1.0,N,164,162,2,7.5,2.5,0.5,0.0,0.0,0.3,10.8,2.5,0.0
2,2022-03-01 06:58:19,2022-03-01 07:08:10,1.0,5.05,1.0,N,239,244,2,16.0,0.0,0.5,0.0,0.0,0.3,19.3,2.5,0.0
1,2022-03-01 06:58:19,2022-03-01 07:03:17,1.0,0.8,1.0,N,162,100,2,5.5,2.5,0.5,0.0,0.0,0.3,8.8,2.5,0.0
2,2022-03-01 06:58:21,2022-03-01 07:19:20,,4.44,,,211,237,0,20.79,0.0,0.5,5.6,0.0,0.3,29.69,,
1,2022-03-01 06:58:23,2022-03-01 07:10:26,1.0,2.2,1.0,N,107,231,1,10.5,2.5,0.5,2.76,0.0,0.3,16.56,2.5,0.0
2,2022-03-01 06:58:25,2022-03-01 07:09:28,1.0,2.92,1.0,N,79,161,1,11.0,0.0,0.5,2.86,0.0,0.3,17.16,2.5,0.0
2,2022-03-01 06:58:27,2022-03-01 07:07:55,1.0,1.94,1.0,N,75,237,1,9.0,0.0,0.5,1.0,0.0,0.3,13.3,2.5,0.0
1,2022-03-01 06:58:27,2022-03-01 07:02:40,1.0,1.2,1.0,N,75,74,2,6.0,0.0,0.5,0.0,0.0,0.3,6.8,0.0,0.0
1,2022-03-01 06:58:28,2022-03-01 07:10:10,1.0,2.0,1.0,N,141,230,1,10.0,2.5,0.5,3.99,0.0,0.3,17.29,2.5,0.0
1,2022-03-01 06:58:30,2022-03-01 07:03:46,1.0,1.4,1.0,N,140,263,1,6.0,2.5,0.5,1.85,0.0,0.3,11.15,2.5,0.0
2,2022-03-01 06:58:31,2022-03-01 07:09:24,1.0,2.38,1.0,N,141,107,1,10.0,0.0,0.5,3.99,0.0,0.3,17.29,2.5,0.0
1,2022-03-01 06:58:33,2022-03-01 07:00:51,1.0,0.8,1.0,N,237,236,1,4.5,2.5,0.5,2.3,0.0,0.3,10.1,2.5,0.0
1,2022-03-01 06:58:35,2022-03-01 07:02:15,1.0,0.6,1.0,N,48,230,1,4.5,2.5,0.5,1.55,0.0,0.3,9.35,2.5,0.0
2,2022-03-01 06:58:35,2022-03-01 07:04:14,1.0,1.12,1.0,N,263,43,1,6.5,0.0,0.5,1.96,0.0,0.3,11.76,2.5,0.0
1,2022-03-01 06:58:36,2022-03-01 07:01:36,1.0,0.7,1.0,N,236,236,1,4.5,3.0,0.5,1.0,0.0,0.3,9.3,2.5,0.0
2,2022-03-01 06:58:36,2022-03-01 07:04:11,2.0,1.91,1.0,N,236,161,1,7.5,0.0,0.5,1.3,0.0,0.3,12.1,2.5,0.0
1,2022-03-01 06:58:37,2022-03-01 07:14:08,1.0,9.8,1.0,N,141,138,1,28.0,2.5,0.5,3.79,6.55,0.3,41.64,2.5,0.0
2,2022-03-01 06:58:37,2022-03-01 07:01:51,1.0,1.23,1.0,N,263,141,2,5.5,0.0,0.5,0.0,0.0,0.3,8.8,2.5,0.0
2,2022-03-01 06:58:38,2022-03-01 07:03:04,1.0,1.34,1.0,N,170,162,1,6.0,0.0,0.5,1.86,0.0,0.3,11.16,2.5,0.0
2,2022-03-01 06:58:39,2022-03-01 07:05:14,1.0,1.41,1.0,N,79,232,1,7.0,0.0,0.5,2.06,0.0,0.3,12.36,2.5,0.0
2,2022-03-01 06:58:40,2022-03-01 07:09:29,1.0,2.73,1.0,N,90,229,2,10.5,0.0,0.5,0.0,0.0,0.3,13.8,2.5,0.0
1,2022-03-01 06:58:41,2022-03-01 07:13:55,1.0,3.3,1.0,N,151,161,1,13.5,2.5,0.5,2.5,0.0,0.3,19.3,2.5,0.0
2,2022-03-01 06:58:42,2022-03-01 07:09:11,,2.35,,,41,237,0,11.03,0.0,0.5,1.63,0.0,0.3,15.96,,
2,2022-03-01 06:58:42,2022-03-01 07:03:25,1.0,1.22,1.0,N,236,238,1,6.0,0.0,0.5,1.0,0.0,0.3,10.3,2.5,0.0
2,2022-03-01 06:58:44,2022-03-01 07:15:32,1.0,3.28,1.0,N,107,48,2,13.5,0.0,0.5,0.0,0.0,0.3,16.8,2.5,0.0
2,2022-03-01 06:58:48,2022-03-01 07:04:32,1.0,1.52,1.0,N,141,161,1,6.5,0.0,0.5,1.76,0.0,0.3,11.56,2.5,0.0
1,2022-03-01 06:58:48,2022-03-01 07:34:17,1.0,5.8,99.0,N,41,226,1,34.2,0.0,0.5,0.0,0.0,0.3,35.0,0.0,0.0
2,2022-03-01 06:58:50,2022-03-01 07:07:52,1.0,1.75,1.0,N,186,79,1,8.5,0.0,0.5,2.36,0.0,0.3,14.16,2.5,0.0
2,2022-03-01 06:58:50,2022-03-01 07:04:52,1.0,0.96,1.0,N,100,161,1,6.0,0.0,0.5,0.93,0.0,0.3,10.23,2.5,0.0
2,2022-03-01 06:58:51,2022-03-01 07:03:22,1.0,0.91,1.0,N,236,236,1,5.0,0.0,0.5,0.8,0.0,0.3,9.1,2.5,0.0
2,2022-03-01 06:58:54,2022-03-01 07:06:57,1.0,2.26,1.0,N,262,233,1,8.5,0.0,0.5,2.36,0.0,0.3,14.16,2.5,0.0
1,2022-03-01 06:58:55,2022-03-01 07:08:36,1.0,1.7,1.0,N,79,246,1,8.5,2.5,0.5,2.0,0.0,0.3,13.8,2.5,0.0
2,2022-03-01 06:58:56,2022-03-01 07:13:37,1.0,3.03,1.0,N,249,162,1,12.5,0.0,0.5,3.16,0.0,0.3,18.96,2.5,0.0
2,2022-03-01 06:58:57,2022-03-02 06:35:39,2.0,21.39,2.0,N,132,143,1,52.0,0.0,0.5,12.62,6.55,0.3,75.72,2.5,1.25
2,2022-03-01 06:59:00,2022-03-01 07:12:00,,2.55,,,140,238,0,12.62,0.0,0.5,1.82,0.0,0.3,17.74,,
2,2022-03-01 06:59:05,2022-03-01 07:03:39,1.0,1.45,1.0,N,237,236,1,6.5,0.0,0.5,1.96,0.0,0.3,11.76,2.5,0.0
2,2022-03-01 06:59:05,2022-03-01 07:04:04,2.0,1.06,1.0,N,230,142,2,5.5,0.0,0.5,0.0,0.0,0.3,8.8,2.5,0.0
2,2022-03-01 06:59:07,2022-03-01 07:42:43,1.0,10.26,1.0,N,132,62,1,36.5,0.0,0.5,3.0,0.0,0.3,41.55,0.0,1.25
1,2022-03-01 06:59:09,2022-03-01 07:18:35,1.0,4.6,1.0,N,238,137,1,17.0,2.5,0.5,3.5,0.0,0.3,23.8,2.5,0.0
2,2022-03-01 06:59:09,2022-03-01 07:08:32,,2.27,,,143,161,0,11.48,0.0,0.5,2.0,0.0,0.3,16.78,,
2,2022-03-01 06:59:10,2022-03-01 07:11:25,1.0,3.06,1.0,N,236,48,1,12.0,0.0,0.5,3.06,0.0,0.3,18.36,2.5,0.0
1,2022-03-01 06:59:11,2022-03-01 07:01:04,1.0,0.3,1.0,N,233,162,1,3.5,2.5,0.5,2.0,0.0,0.3,8.8,2.5,0.0
1,2022-03-01 06:59:12,2022-03-01 07:11:24,0.0,2.2,1.0,N,107,158,2,10.5,2.5,0.5,0.0,0.0,0.3,13.8,2.5,0.0
2,2022-03-01 06:59:18,2022-03-01 07:07:38,1.0,2.25,1.0,N,43,230,1,8.5,0.0,0.5,2.36,0.0,0.3,14.16,2.5,0.0
1,2022-03-01 06:59:20,2022-03-01 07:17:12,1.0,6.8,1.0,N,33,162,1,21.0,2.5,0.5,2.0,0.0,0.3,26.3,2.5,0.0
2,2022-03-01 06:59:21,2022-03-01 07:08:25,1.0,1.96,1.0,N,161,68,1,8.5,0.0,0.5,3.54,0.0,0.3,15.34,2.5,0.0
1,2022-03-01 06:59:22,2022-03-01 06:59:30,1.0,0.0,2.0,N,161,161,1,52.0,2.5,0.5,12.35,6.55,0.3,74.2,2.5,0.0
2,2022-03-01 06:59:22,2022-03-01 07:04:20,2.0,1.05,1.0,N,229,233,1,6.0,0.0,0.5,1.86,0.0,0.3,11.16,2.5,0.0
2,2022-03-01 06:59:28,2022-03-01 07:04:49,1.0,1.43,1.0,N,170,162,1,6.5,0.0,0.5,1.96,0.0,0.3,11.76,2.5,0.0
2,2022-03-01 06:59:29,2022-03-01 07:09:41,1.0,2.22,1.0,N,186,79,1,9.0,0.0,0.5,0.0,0.0,0.3,12.3,2.5,0.0
2,2022-03-01 06:59:30,2022-03-01 07:08:17,2.0,3.02,1.0,N,107,140,1,10.5,0.0,0.5,2.07,0.0,0.3,15.87,2.5,0.0
2,2022-03-01 06:59:31,2022-03-01 07:02:08,1.0,0.41,1.0,N,142,143,1,4.0,0.0,0.5,0.0,0.0,0.3,7.3,2.5,0.0
2,2022-03-01 06:59:31,2022-03-01 07:02:21,1.0,0.74,1.0,N,48,161,1,4.5,0.0,0.5,1.0,0.0,0.3,8.8,2.5,0.0
2,2022-03-01 06:59:32,2022-03-01 07:16:20,1.0,6.18,1.0,N,238,13,1,19.0,0.0,0.5,4.46,0.0,0.3,26.76,2.5,0.0
2,2022-03-01 06:59:32,2022-03-01 07:03:38,6.0,0.9,1.0,N,141,236,1,5.0,0.0,0.5,1.66,0.0,0.3,9.96,2.5,0.0
2,2022-03-01 06:59:32,2022-03-01 07:04:28,1.0,1.05,1.0,N,141,236,2,5.5,0.0,0.5,0.0,0.0,0.3,8.8,2.5,0.0
2,2022-03-01 06:59:33,2022-03-01 07:22:52,1.0,9.41,1.0,N,75,52,1,28.5,0.0,0.5,2.0,0.0,0.3,33.8,2.5,0.0
2,2022-03-01 06:59:35,2022-03-01 07:10:08,1.0,3.09,1.0,N,125,230,1,11.0,0.0,0.5,1.7,0.0,0.3,16.0,2.5,0.0
1,2022-03-01 06:59:38,2022-03-01 07:07:39,1.0,1.4,1.0,N,48,162,1,7.5,2.5,0.5,2.15,0.0,0.3,12.95,2.5,0.0
2,2022-03-01 06:59:38,2022-03-01 07:07:22,1.0,2.03,1.0,N,239,230,1,8.5,0.0,0.5,3.54,0.0,0.3,15.34,2.5,0.0
2,2022-03-01 06:59:39,2022-03-01 07:05:29,1.0,0.81,1.0,N,100,161,1,6.0,0.0,0.5,1.86,0.0,0.3,11.16,2.5,0.0
2,2022-03-01 06:59:40,2022-03-01 07:13:01,1.0,3.28,1.0,N,231,230,1,12.5,0.0,0.5,2.37,0.0,0.3,18.17,2.5,0.0
2,2022-03-01 06:59:41,2022-03-01 07:08:39,1.0,0.95,1.0,N,263,75,1,7.0,0.0,0.5,2.06,0.0,0.3,12.36,2.5,0.0
2,2022-03-01 06:59:41,2022-03-01 07:06:11,1.0,1.08,1.0,N,48,161,1,6.5,0.0,0.5,2.5,0.0,0.3,12.3,2.5,0.0
2,2022-03-01 06:59:41,2022-03-01 07:08:41,1.0,2.2,1.0,N,237,230,1,9.0,0.0,0.5,1.84,0.0,0.3,14.14,2.5,0.0
2,2022-03-01 06:59:42,2022-03-01 07:10:14,1.0,2.1,1.0,N,107,162,1,9.5,0.0,0.5,1.0,0.0,0.3,13.8,2.5,0.0
1,2022-03-01 06:59:44,2022-03-01 08:16:27,1.0,18.4,2.0,N,132,144,1,52.0,2.5,0.5,11.05,0.0,0.3,66.35,2.5,0.0
2,2022-03-01 06:59:45,2022-03-01 07:11:31,2.0,3.77,1.0,N,132,218,2,13.5,0.0,0.5,0.0,0.0,0.3,15.55,0.0,1.25
2,2022-03-01 06:59:51,2022-03-01 07:57:02,1.0,11.54,1.0,N,132,62,2,44.0,0.0,0.5,0.0,0.0,0.3,46.05,0.0,1.25
2,2022-03-01 06:59:51,2022-03-01 07:12:03,1.0,2.68,1.0,N,48,238,1,11.0,0.0,0.5,2.0,0.0,0.3,16.3,2.5,0.0
1,2022-03-01 06:59:52,2022-03-01 07:53:57,2.0,17.7,2.0,N,132,4,1,52.0,3.75,0.5,12.6,6.55,0.3,75.7,2.5,1.25
1,2022-03-01 06:59:53,2022-03-01 07:05:57,1.0,0.9,1.0,N,48,163,2,6.0,2.5,0.5,0.0,0.0,0.3,9.3,2.5,0.0
1,2022-03-01 06:59:53,2022-03-01 07:05:19,1.0,1.4,1.0,N,170,162,1,6.5,2.5,0.5,0.98,0.0,0.3,10.78,2.5,0.0
2,2022-03-01 06:59:56,2022-03-01 07:10:54,1.0,1.49,1.0,N,186,161,1,8.5,0.0,0.5,2.36,0.0,0.3,14.16,2.5,0.0
2,2022-03-01 06:59:56,2022-03-01 07:09:24,1.0,1.89,1.0,N,48,249,2,8.5,0.0,0.5,0.0,0.0,0.3,11.8,2.5,0.0
2,2022-03-01 06:59:57,2022-03-01 07:15:51,1.0,3.09,1.0,N,237,41,1,13.0,0.0,0.5,3.26,0.0,0.3,19.56,2.5,0.0
2,2022-03-01 06:59:58,2022-03-01 07:06:18,1.0,1.21,1.0,N,151,41,1,6.5,0.0,0.5,1.46,0.0,0.3,8.76,0.0,0.0
2,2022-03-01 06:59:59,2022-03-01 07:18:31,1.0,4.22,1.0,N,262,234,1,16.5,0.0,0.5,2.0,0.0,0.3,21.8,2.5,0.0
2,2022-03-01 07:00:01,2022-03-01 07:03:50,1.0,0.87,1.0,N,186,237,1,5.0,0.0,0.5,2.0,0.0,0.3,10.3,2.5,0.0
1,2022-03-01 07:00:01,2022-03-01 07:11:35,1.0,2.5,1.0,N,236,42,1,11.0,2.5,0.5,1.5,0.0,0.3,15.8,2.5,0.0
2,2022-03-01 07:00:02,2022-03-01 07:05:27,1.0,0.92,1.0,N,234,186,1,5.5,0.0,0.5,1.76,0.0,0.3,10.56,2.5,0.0
2,2022-03-01 07:00:02,2022-03-01 07:12:27,2.0,3.02,1.0,N,237,107,1,11.5,0.0,0.5,2.96,0.0,0.3,17.76,2.5,0.0
2,2022-03-01 07:00:02,2022-03-01 07:59:17,1.0,18.99,2.0,N,132,142,1,52.0,0.0,0.5,12.62,6.55,0.3,75.72,2.5,1.25
2,2022-03-01 07:00:04,2022-03-01 07:05:43,1.0,1.38,1.0,N,141,236,1,6.5,0.0,0.5,2.94,0.0,0.3,12.74,2.5,0.0
2,2022-03-01 07:00:06,2022-03-01 07:15:26,2.0,3.68,1.0,N,226,140,1,14.0,0.0,0.5,2.7,0.0,0.3,20.0,2.5,0.0
2,2022-03-01 07:00:06,2022-03-01 07:33:53,3.0,16.85,2.0,N,164,132,2,52.0,0.0,0.5,0.0,6.55,0.3,61.85,2.5,0.0
2,2022-03-01 07:00:06,2022-03-01 07:07:16,1.0,0.81,1.0,N,161,100,1,6.5,0.0,0.5,0.0,0.0,0.3,9.8,2.5,0.0
1,2022-03-01 07:00:08,2022-03-01 07:05:15,1.0,1.2,1.0,N,161,107,1,6.0,2.5,0.5,1.85,0.0,0.3,11.15,2.5,0.0
2,2022-03-01 07:00:08,2022-03-01 07:32:34,1.0,3.16,1.0,N,186,140,2,20.0,0.0,0.5,0.0,0.0,0.3,23.3,2.5,0.0
1,2022-03-01 07:00:09,2022-03-01 07:48:52,0.0,11.5,1.0,N,132,188,1,40.5,1.25,0.5,5.0,0.0,0.3,47.55,0.0,1.25
2,2022-03-01 07:00:14,2022-03-01 07:10:11,5.0,2.33,1.0,N,113,163,1,9.5,0.0,0.5,1.28,0.0,0.3,14.08,2.5,0.0
2,2022-03-01 07:00:14,2022-03-01 07:06:09,1.0,0.8,1.0,N,224,107,1,6.0,0.0,0.5,2.32,0.0,0.3,11.62,2.5,0.0
2,2022-03-01 07:00:16,2022-03-01 07:09:31,1.0,2.3,1.0,N,262,163,1,9.0,0.0,0.5,1.84,0.0,0.3,14.14,2.5,0.0
1,2022-03-01 07:00:18,2022-03-01 07:05:49,1.0,0.8,1.0,N,163,230,2,6.0,2.5,0.5,0.0,0.0,0.3,9.3,2.5,0.0
2,2022-03-01 07:00:19,2022-03-01 07:07:44,2.0,2.05,1.0,N,236,238,1,8.0,0.0,0.5,0.0,0.0,0.3,11.3,2.5,0.0
1,2022-03-01 07:00:20,2022-03-01 07:18:52,2.0,3.2,1.0,N,238,164,1,14.5,2.5,0.5,2.0,0.0,0.3,19.8,2.5,0.0
1,2022-03-01 07:00:21,2022-03-01 08:34:37,1.0,20.2,99.0,N,10,69,1,40.2,0.0,0.5,0.0,6.55,0.3,47.55,0.0,0.0
2,2022-03-01 07:00:25,2022-03-01 07:18:35,1.0,5.93,1.0,N,239,13,1,19.0,0.0,0.5,3.0,0.0,0.3,25.3,2.5,0.0
2,2022-03-01 07:00:26,2022-03-02 00:00:00,1.0,1.24,1.0,N,238,151,2,6.0,0.0,0.5,0.0,0.0,0.3,9.3,2.5,0.0
1,2022-03-01 07:00:28,2022-03-01 07:12:19,1.0,1.5,1.0,N,141,163,2,9.0,2.5,0.5,0.0,0.0,0.3,12.3,2.5,0.0
2,2022-03-01 07:00:30,2022-03-01 07:09:16,1.0,1.57,1.0,N,141,161,1,8.0,0.0,0.5,2.26,0.0,0.3,13.56,2.5,0.0
1,2022-03-01 07:00:30,2022-03-01 07:06:52,1.0,1.1,1.0,N,75,75,1,5.24,2.5,0.5,0.0,0.0,0.3,8.54,2.5,0.0
2,2022-03-01 07:00:31,2022-03-01 07:06:23,1.0,1.18,1.0,N,264,264,1,6.0,0.0,0.5,1.86,0.0,0.3,11.16,2.5,0.0
2,2022-03-01 07:00:33,2022-03-01 07:09:39,1.0,1.65,1.0,N,48,162,1,8.5,0.0,0.5,2.36,0.0,0.3,14.16,2.5,0.0
2,2022-03-01 07:00:34,2022-03-01 07:13:32,1.0,1.28,1.0,N,170,161,1,9.5,0.0,0.5,2.56,0.0,0.3,15.36,2.5,0.0
1,2022-03-01 07:00:35,2022-03-01 07:17:43,2.0,3.5,1.0,N,143,170,2,14.5,2.5,0.5,0.0,0.0,0.3,17.8,2.5,0.0
1,2022-03-01 07:00:35,2022-03-01 07:22:26,1.0,6.7,1.0,N,79,74,1,21.0,2.5,0.5,0.0,0.0,0.3,24.3,2.5,0.0
1,2022-03-01 07:00:36,2022-03-01 07:07:09,1.0,1.4,1.0,N,170,162,2,7.0,2.5,0.5,0.0,0.0,0.3,10.3,2.5,0.0
2,2022-03-01 07:00:40,2022-03-01 07:00:42,1.0,0.0,5.0,N,163,264,1,64.0,0.0,0.0,12.86,0.0,0.3,77.16,0.0,0.0
2,2022-03-01 07:00:40,2022-03-01 07:07:43,2.0,1.21,1.0,N,79,113,2,7.0,0.0,0.5,0.0,0.0,0.3,10.3,2.5,0.0
2,2022-03-01 07:00:40,2022-03-01 07:19:28,,3.99,,,231,162,0,17.49,0.0,0.5,1.2,0.0,0.3,21.99,,
2,2022-03-01 07:00:42,2022-03-01 07:21:20,1.0,5.12,1.0,N,132,216,1,18.5,0.0,0.5,4.11,0.0,0.3,24.66,0.0,1.25
2,2022-03-01 07:00:42,2022-03-01 07:35:02,1.0,4.62,1.0,N,226,186,2,23.0,0.0,0.5,0.0,0.0,0.3,26.3,2.5,0.0
1,2022-03-01 07:00:43,2022-03-01 07:24:11,2.0,6.2,1.0,N,239,45,1,22.0,2.5,0.5,5.05,0.0,0.3,30.35,2.5,0.0
1,2022-03-01 07:00:43,2022-03-01 07:17:53,1.0,5.6,1.0,N,238,231,1,18.5,2.5,0.5,4.2,0.0,0.3,26.0,2.5,0.0
2,2022-03-01 07:00:44,2022-03-01 07:26:25,1.0,4.38,1.0,N,74,230,2,19.0,0.0,0.5,0.0,0.0,0.3,22.3,2.5,0.0
1,2022-03-01 07:00:44,2022-03-01 07:02:23,1.0,0.5,1.0,N,161,163,1,3.5,2.5,0.5,1.35,0.0,0.3,8.15,2.5,0.0
1,2022-03-01 07:00:44,2022-03-01 07:03:26,1.0,0.8,1.0,N,107,137,1,4.5,2.5,0.5,1.55,0.0,0.3,9.35,2.5,0.0
2,2022-03-01 07:00:45,2022-03-01 07:12:24,1.0,2.28,1.0,N,107,141,1,10.0,0.0,0.5,2.66,0.0,0.3,15.96,2.5,0.0
2,2022-03-01 07:00:46,2022-03-01 07:08:40,1.0,0.8,1.0,N,48,246,1,7.0,0.0,0.5,2.06,0.0,0.3,12.36,2.5,0.0
2,2022-03-01 07:00:47,2022-03-01 07:46:21,1.0,9.72,1.0,N,132,225,2,35.5,0.0,0.5,0.0,0.0,0.3,37.55,0.0,1.25
2,2022-03-01 07:00:47,2022-03-01 07:07:47,1.0,2.05,1.0,N,142,68,1,8.0,0.0,0.5,2.26,0.0,0.3,13.56,2.5,0.0
2,2022-03-01 07:00:48,2022-03-01 07:54:58,1.0,17.23,2.0,N,132,230,1,52.0,0.0,0.5,50.0,6.55,0.3,113.1,2.5,1.25
1,2022-03-01 07:00:49,2022-03-01 07:23:58,1.0,10.2,5.0,N,161,265,2,60.0,0.0,0.0,0.0,13.75,0.3,74.05,0.0,0.0
1,2022-03-01 07:00:54,2022-03-01 07:07:51,0.0,1.0,1.0,N,100,161,1,6.5,2.5,0.5,1.0,0.0,0.3,10.8,2.5,0.0
2,2022-03-01 07:00:56,2022-03-01 07:16:05,1.0,2.07,1.0,N,48,229,1,10.5,0.0,0.5,2.76,0.0,0.3,16.56,2.5,0.0
2,2022-03-01 07:00:59,2022-03-01 07:41:20,1.0,10.15,1.0,N,132,177,2,34.5,0.0,0.5,0.0,0.0,0.3,36.55,0.0,1.25
2,2022-03-01 07:00:59,2022-03-01 07:09:19,3.0,1.0,1.0,N,163,163,1,7.0,0.0,0.5,2.06,0.0,0.3,12.36,2.5,0.0
1,2022-03-01 07:01:00,2022-03-01 07:30:04,1.0,15.3,1.0,N,166,138,1,43.0,0.0,0.5,10.05,6.55,0.3,60.4,0.0,0.0
2,2022-03-01 07:01:02,2022-03-01 07:05:16,4.0,1.21,1.0,N,237,162,1,5.5,0.0,0.5,1.76,0.0,0.3,10.56,2.5,0.0
2,2022-03-01 07:01:02,2022-03-01 07:11:15,2.0,2.2,1.0,N,246,231,1,10.0,0.0,0.5,2.0,0.0,0.3,15.3,2.5,0.0
2,2022-03-01 07:01:04,2022-03-01 07:08:15,1.0,0.78,1.0,N,186,170,1,6.0,0.0,0.5,1.86,0.0,0.3,11.16,2.5,0.0
1,2022-03-01 07:01:04,2022-03-01 07:28:20,1.0,12.5,1.0,N,261,138,1,35.5,2.5,0.5,9.7,0.0,0.3,48.5,2.5,0.0
2,2022-03-01 07:01:06,2022-03-01 07:15:32,1.0,3.7,1.0,N,170,238,1,14.0,0.0,0.5,3.0,0.0,0.3,20.3,2.5,0.0
2,2022-03-01 07:01:06,2022-03-01 07:06:44,2.0,1.43,1.0,N,90,230,1,6.5,0.0,0.5,1.96,0.0,0.3,11.76,2.5,0.0
1,2022-03-01 07:01:07,2022-03-01 07:11:25,1.0,2.3,1.0,N,246,163,1,9.0,2.5,0.5,2.0,0.0,0.3,14.3,2.5,0.0
1,2022-03-01 07:01:08,2022-03-01 07:07:02,1.0,1.7,1.0,N,263,229,3,7.0,2.5,0.5,0.0,0.0,0.3,10.3,2.5,0.0
1,2022-03-01 07:01:08,2022-03-01 07:11:57,1.0,1.7,1.0,N,68,161,1,9.0,2.5,0.5,2.45,0.0,0.3,14.75,2.5,0.0
2,2022-03-01 07:01:11,2022-03-01 07:06:54,1.0,0.86,1.0,N,100,170,2,5.5,0.0,0.5,0.0,0.0,0.3,8.8,2.5,0.0
2,2022-03-01 07:01:12,2022-03-01 07:15:10,4.0,2.71,1.0,N,236,166,1,12.0,0.0,0.5,3.06,0.0,0.3,18.36,2.5,0.0
1,2022-03-01 07:01:13,2022-03-01 07:04:29,1.0,0.7,1.0,N,142,239,1,4.5,2.5,0.5,1.55,0.0,0.3,9.35,2.5,0.0
2,2022-03-01 07:01:14,2022-03-01 07:18:01,1.0,3.29,1.0,N,166,262,1,14.5,0.0,0.5,3.56,0.0,0.3,21.36,2.5,0.0
2,2022-03-01 07:01:14,2022-03-01 07:11:45,1.0,1.57,1.0,N,48,162,1,8.5,0.0,0.5,3.54,0.0,0.3,15.34,2.5,0.0
2,2022-03-01 07:01:16,2022-03-01 07:12:57,1.0,2.43,1.0,N,164,141,1,10.5,0.0,0.5,1.0,0.0,0.3,14.8,2.5,0.0
2,2022-03-01 07:01:17,2022-03-01 07:07:29,1.0,1.19,1.0,N,236,263,2,6.5,0.0,0.5,0.0,0.0,0.3,9.8,2.5,0.0
1,2022-03-01 07:01:19,2022-03-01 07:05:56,1.0,0.8,1.0,N,48,230,2,5.0,2.5,0.5,0.0,0.0,0.3,8.3,2.5,0.0
1,2022-03-01 07:01:19,2022-03-01 07:01:19,1.0,0.0,1.0,N,48,264,2,2.5,2.5,0.5,0.0,0.0,0.3,5.8,2.5,0.0
2,2022-03-01 07:01:21,2022-03-01 07:09:59,1.0,1.94,1.0,N,236,41,1,9.0,0.0,0.5,2.46,0.0,0.3,14.76,2.5,0.0
1,2022-03-01 07:01:21,2022-03-01 07:38:44,1.0,9.3,1.0,N,132,196,2,30.5,1.25,0.5,0.0,0.0,0.3,32.55,0.0,1.25
2,2022-03-01 07:01:22,2022-03-01 07:14:55,1.0,2.95,1.0,N,186,236,1,12.0,0.0,0.5,3.06,0.0,0.3,18.36,2.5,0.0
2,2022-03-01 07:01:22,2022-03-01 07:10:51,1.0,2.53,1.0,N,236,230,1,10.0,0.0,0.5,2.66,0.0,0.3,15.96,2.5,0.0
2,2022-03-01 07:01:23,2022-03-01 07:16:27,2.0,3.96,1.0,N,163,231,1,14.0,0.0,0.5,4.32,0.0,0.3,21.62,2.5,0.0
1,2022-03-01 07:01:23,2022-03-01 08:18:34,1.0,20.5,2.0,N,132,249,1,52.0,3.75,0.5,12.0,6.55,0.3,75.1,2.5,1.25
1,2022-03-01 07:01:23,2022-03-01 07:09:49,1.0,1.2,1.0,N,186,234,1,7.5,2.5,0.5,1.2,0.0,0.3,12.0,2.5,0.0
2,2022-03-01 07:01:25,2022-03-01 07:04:26,1.0,1.49,1.0,N,236,161,1,6.0,0.0,0.5,1.86,0.0,0.3,11.16,2.5,0.0
2,2022-03-01 07:01:26,2022-03-01 07:09:22,6.0,1.75,1.0,N,186,161,2,8.0,0.0,0.5,0.0,0.0,0.3,11.3,2.5,0.0
2,2022-03-01 07:01:27,2022-03-01 07:12:53,1.0,3.0,1.0,N,125,161,1,11.0,0.0,0.5,2.86,0.0,0.3,17.16,2.5,0.0
2,2022-03-01 07:01:29,2022-03-01 07:06:18,1.0,0.95,1.0,N,141,236,1,5.5,0.0,0.5,1.76,0.0,0.3,10.56,2.5,0.0
1,2022-03-01 07:01:31,2022-03-01 07:09:32,1.0,1.8,1.0,N,236,239,1,8.5,2.5,0.5,2.95,0.0,0.3,14.75,2.5,0.0
2,2022-03-01 07:01:32,2022-03-01 07:27:09,1.0,9.33,1.0,N,132,192,1,28.5,0.0,0.5,7.64,0.0,0.3,38.19,0.0,1.25
1,2022-03-01 07:01:32,2022-03-01 07:04:33,1.0,0.5,1.0,N,262,140,1,4.5,2.5,0.5,1.55,0.0,0.3,9.35,2.5,0.0
2,2022-03-01 07:01:33,2022-03-01 07:12:40,1.0,3.25,1.0,N,211,163,1,11.5,0.0,0.5,2.96,0.0,0.3,17.76,2.5,0.0
2,2022-03-01 07:01:33,2022-03-01 07:07:46,1.0,2.02,1.0,N,249,100,1,7.5,0.0,0.5,2.2,0.0,0.3,13.0,2.5,0.0
2,2022-03-01 07:01:34,2022-03-01 07:13:18,1.0,2.31,1.0,N,140,161,1,10.5,0.0,0.5,4.14,0.0,0.3,17.94,2.5,0.0
2,2022-03-01 07:01:34,2022-03-01 07:08:30,1.0,1.2,1.0,N,263,236,1,6.5,0.0,0.5,2.5,0.0,0.3,12.3,2.5,0.0
2,2022-03-01 07:01:36,2022-03-01 07:11:52,1.0,1.96,1.0,N,239,262,1,9.0,0.0,0.5,2.46,0.0,0.3,14.76,2.5,0.0
1,2022-03-01 07:01:38,2022-03-01 07:07:07,1.0,0.9,1.0,N,48,246,2,5.0,2.5,0.5,0.0,0.0,0.3,8.3,2.5,0.0
2,2022-03-01 07:01:40,2022-03-01 07:19:20,,3.16,,,238,141,0,14.05,0.0,0.5,7.0,0.0,0.3,24.35,,
2,2022-03-01 07:01:41,2022-03-01 07:07:45,1.0,2.03,1.0,N,236,161,1,8.0,0.0,0.5,1.0,0.0,0.3,12.3,2.5,0.0
2,2022-03-01 07:01:42,2022-03-01 07:06:43,1.0,0.9,1.0,N,48,161,1,5.5,0.0,0.5,1.0,0.0,0.3,9.8,2.5,0.0
1,2022-03-01 07:01:44,2022-03-01 07:13:37,1.0,2.8,1.0,N,140,161,1,11.0,2.5,0.5,4.0,0.0,0.3,18.3,2.5,0.0
2,2022-03-01 07:01:46,2022-03-01 07:11:49,1.0,1.72,1.0,N,237,230,1,9.0,0.0,0.5,2.0,0.0,0.3,14.3,2.5,0.0
1,2022-03-01 07:01:47,2022-03-01 07:06:19,1.0,1.0,1.0,N,68,68,2,5.5,2.5,0.5,0.0,0.0,0.3,8.8,2.5,0.0
2,2022-03-01 07:01:49,2022-03-01 07:07:42,1.0,1.06,1.0,N,151,238,1,6.0,0.0,0.5,1.86,0.0,0.3,11.16,2.5,0.0
1,2022-03-01 07:01:51,2022-03-01 07:06:58,1.0,0.7,1.0,N,233,161,1,5.5,2.5,0.5,1.75,0.0,0.3,10.55,2.5,0.0
2,2022-03-01 07:01:51,2022-03-01 07:04:01,1.0,0.74,1.0,N,114,107,1,4.0,0.0,0.5,2.0,0.0,0.3,9.3,2.5,0.0
1,2022-03-01 07:01:51,2022-03-01 07:44:28,1.0,6.5,1.0,N,244,140,1,29.5,2.5,0.5,3.0,0.0,0.3,35.8,2.5,0.0
2,2022-03-01 07:01:52,2022-03-01 07:05:48,1.0,0.65,1.0,N,137,107,1,5.0,0.0,0.5,1.66,0.0,0.3,9.96,2.5,0.0
2,2022-03-01 07:01:52,2022-03-01 07:10:30,1.0,1.66,1.0,N,48,237,1,8.0,0.0,0.5,1.0,0.0,0.3,12.3,2.5,0.0
1,2022-03-01 07:01:54,2022-03-01 07:15:46,1.0,6.3,1.0,N,140,209,1,19.5,2.5,0.5,4.56,0.0,0.3,27.36,2.5,0.0
1,2022-03-01 07:01:54,2022-03-01 07:05:52,1.0,0.6,1.0,N,236,236,2,5.0,2.5,0.5,0.0,0.0,0.3,8.3,2.5,0.0
2,2022-03-01 07:01:55,2022-03-01 07:05:54,1.0,1.06,1.0,N,125,90,1,5.5,0.0,0.5,1.0,0.0,0.3,9.8,2.5,0.0
2,2022-03-01 07:01:55,2022-03-01 07:06:25,1.0,0.75,1.0,N,137,164,1,5.0,0.0,0.5,2.08,0.0,0.3,10.38,2.5,0.0
1,2022-03-01 07:01:57,2022-03-01 07:11:00,1.0,1.5,1.0,N,186,161,1,8.0,2.5,0.5,2.26,0.0,0.3,13.56,2.5,0.0
2,2022-03-01 07:01:58,2022-03-01 07:07:29,3.0,0.72,1.0,N,263,236,2,5.0,0.0,0.5,0.0,0.0,0.3,8.3,2.5,0.0
2,2022-03-01 07:01:58,2022-03-01 07:07:27,6.0,1.37,1.0,N,48,163,1,6.0,0.0,0.5,1.0,0.0,0.3,10.3,2.5,0.0
1,2022-03-01 07:01:58,2022-03-01 07:10:38,1.0,1.5,1.0,N,186,161,1,7.5,2.5,0.5,2.15,0.0,0.3,12.95,2.5,0.0
1,2022-03-01 07:01:59,2022-03-01 07:06:16,1.0,1.1,1.0,Y,186,48,1,6.0,2.5,0.5,1.85,0.0,0.3,11.15,2.5,0.0
1,2022-03-01 07:02:00,2022-03-01 07:32:55,1.0,3.4,99.0,N,41,119,1,17.2,0.0,0.5,0.0,0.0,0.3,18.0,0.0,0.0
1,2022-03-01 07:02:00,2022-03-01 07:08:16,1.0,1.5,1.0,N,237,164,1,7.0,2.5,0.5,2.55,0.0,0.3,12.85,2.5,0.0
2,2022-03-01 07:02:00,2022-03-01 07:23:00,,5.41,,,33,100,0,21.9,0.0,0.5,2.76,0.0,0.3,27.96,,
1,2022-03-01 07:02:01,2022-03-01 07:12:11,1.0,1.0,1.0,N,170,162,1,8.0,2.5,0.5,2.25,0.0,0.3,13.55,2.5,0.0
2,2022-03-01 07:02:01,2022-03-01 07:16:19,1.0,3.11,1.0,N,141,186,1,13.0,0.0,0.5,2.0,0.0,0.3,18.3,2.5,0.0
2,2022-03-01 07:02:01,2022-03-01 07:11:56,1.0,2.34,1.0,N,164,140,1,9.5,0.0,0.5,2.56,0.0,0.3,15.36,2.5,0.0
1,2022-03-01 07:02:01,2022-03-01 07:08:35,0.0,1.4,1.0,N,140,75,1,7.0,2.5,0.5,1.55,0.0,0.3,11.85,2.5,0.0
1,2022-03-01 07:02:03,2022-03-01 07:10:06,1.0,2.3,1.0,N,170,236,1,9.0,2.5,0.5,1.0,0.0,0.3,13.3,2.5,0.0
2,2022-03-01 07:02:03,2022-03-01 07:05:40,1.0,0.87,1.0,N,236,75,1,5.0,0.0,0.5,1.0,0.0,0.3,9.3,2.5,0.0
2,2022-03-01 07:02:03,2022-03-01 07:38:26,1.0,14.28,1.0,N,132,16,2,40.5,0.0,0.5,0.0,0.0,0.3,42.55,0.0,1.25
1,2022-03-01 07:02:04,2022-03-01 07:07:20,0.0,1.4,1.0,N,48,246,1,6.5,2.5,0.5,0.0,0.0,0.3,9.8,2.5,0.0
2,2022-03-01 07:02:05,2022-03-01 07:09:32,1.0,1.02,1.0,N,186,230,1,7.0,0.0,0.5,3.09,0.0,0.3,13.39,2.5,0.0
2,2022-03-01 07:02:06,2022-03-01 07:14:36,1.0,3.22,1.0,N,231,161,1,12.0,0.0,0.5,2.3,0.0,0.3,17.6,2.5,0.0
2,2022-03-01 07:02:08,2022-03-01 07:19:24,1.0,3.52,1.0,N,140,186,1,14.5,0.0,0.5,1.0,0.0,0.3,18.8,2.5,0.0
1,2022-03-01 07:02:08,2022-03-01 08:15:40,1.0,9.3,99.0,N,21,37,1,43.2,0.0,0.5,0.0,0.0,0.3,44.0,0.0,0.0
2,2022-03-01 07:02:08,2022-03-01 07:27:20,1.0,9.39,1.0,N,233,181,1,29.5,0.0,0.5,7.87,6.55,0.3,47.22,2.5,0.0
1,2022-03-01 07:02:09,2022-03-01 07:07:02,0.0,0.5,1.0,N,230,163,1,5.0,2.5,0.5,2.0,0.0,0.3,10.3,2.5,0.0
1,2022-03-01 07:02:10,2022-03-01 07:16:00,1.0,3.2,1.0,Y,238,161,1,12.5,2.5,0.5,3.95,0.0,0.3,19.75,2.5,0.0
2,2022-03-01 07:02:10,2022-03-01 07:05:00,1.0,0.58,1.0,N,237,237,1,4.0,0.0,0.5,1.46,0.0,0.3,8.76,2.5,0.0
1,2022-03-01 07:02:12,2022-03-01 08:00:09,2.0,16.9,1.0,N,132,145,1,52.0,1.25,0.5,16.2,0.0,0.3,70.25,0.0,1.25
1,2022-03-01 07:02:12,2022-03-01 07:09:52,1.0,1.4,1.0,N,186,163,1,7.0,2.5,0.5,2.05,0.0,0.3,12.35,2.5,0.0
2,2022-03-01 07:02:13,2022-03-01 07:11:40,1.0,2.2,1.0,N,142,237,1,9.5,0.0,0.5,1.0,0.0,0.3,13.8,2.5,0.0
2,2022-03-01 07:02:13,2022-03-01 07:14:13,1.0,2.95,1.0,N,249,162,1,11.5,0.0,0.5,2.96,0.0,0.3,17.76,2.5,0.0
1,2022-03-01 07:02:17,2022-03-01 07:05:52,1.0,0.8,1.0,N,162,233,1,5.0,2.5,0.5,1.0,0.0,0.3,9.3,2.5,0.0
2,2022-03-01 07:02:18,2022-03-01 07:07:20,1.0,0.96,1.0,N,186,234,1,5.5,0.0,0.5,1.76,0.0,0.3,10.56,2.5,0.0
1,2022-03-01 07:02:18,2022-03-01 07:36:46,1.0,0.0,99.0,N,197,173,1,28.2,0.0,0.5,0.0,0.0,0.3,29.0,0.0,0.0